Region,Offset,Outer,Inner,KeyLen,Text
1,0x2E50,26,2,10,皮卡丘
1,0x2E78,62,1,46,"大谷育江,危险,十万伏特,引发癫痫"
1,0x2EB4,26,2,8,可爱
1,0x2EDC,70,1,52,"樱,知世,利佳,-,娜可露露,-,栞,舞,步,-,佳乃,观铃"
1,0x2F20,22,2,6,危险
1,0x2F44,38,1,21,"皮卡丘,石松葛兹"
1,0x2F68,22,2,6,樱
1,0x2F94,174,1,158,"刻耳珀诺斯,知世,小学生,魔卡少女棒,可爱,无毛,飞机场,第二次性征前,释放,契约之元樱命令,紧紧闭合,插入小学生的阴道,放进拿出"
1,0x3040,34,2,16,魔卡少女
1,0x307C,94,1,77,"小学生,樱,艾利欧君,魔卡少女棒,释放,契约之元樱命令"
1,0x30D8,26,2,10,石松葛兹
1,0x3108,26,1,11,"秃头,危险"
1,0x3120,22,2,6,任天堂
1,0x3144,126,1,108,"黑社会,GameCube,GBA,NINTENDO64,京都,花札,红白机,超级任天堂,掌机,精灵宝可梦,皮卡丘,索尼电脑娱乐"
1,0x31C0,30,2,13,十万伏特
1,0x31F0,42,1,27,"皮卡丘,引发癫痫"
1,0x3218,22,2,4,知世
1,0x3244,162,1,145,"小学生,樱,-,木之本樱抱枕,魔卡少女棒,可爱,无毛,飞机场,第二次性征前,紧紧闭合,插入小学生的阴道,视频拍摄,放进拿出"
1,0x32E4,22,2,4,狗耳
1,0x3308,42,1,26,"刻耳珀诺斯,瑞穗,神岸明"
1,0x3330,22,2,6,小学生
1,0x335C,98,1,80,"樱,知世,-,阴道,小,第二次性征前,无毛,进不到深处,内射,放进拿出"
1,0x33BC,26,2,8,脑子笨
1,0x33E4,26,1,10,石松葛兹
1,0x33FC,22,2,6,薯片
1,0x3410,30,2,15,=薯片
1,0x342C,22,2,4,恋童
1,0x3454,22,2,6,小
1,0x3478,46,1,29,"小学生,刻耳珀诺斯,樱,知世"
1,0x34A4,30,2,14,薯片
1,0x34D0,26,1,11,"点心,肥猪"
1,0x34E8,22,2,4,无毛
1,0x34FC,26,2,9,=飞机场
1,0x3514,22,2,4,贵重
1,0x3538,22,1,4,无毛
1,0x354C,30,2,14,微软
1,0x3578,62,1,45,"盖茨,-,科乐美,黑社会,偷偷发送用户信息"
1,0x35B4,26,2,8,苹果
1,0x35DC,22,1,4,宗教
1,0x35F0,22,2,4,秃头
1,0x3614,50,1,32,"石松葛兹,横山诺克,科杰克"
1,0x3644,26,2,8,电影少女
1,0x366C,30,1,15,"桂正和,变态色狼"
1,0x3688,22,2,4,肥猪
1,0x36B0,46,1,31,"大桥巨泉,烦人,大块头,闷热"
1,0x36DC,22,2,6,烦人
1,0x3700,66,1,51,"胖子,丑女,-,科乐美,-,高桥克典,织田裕二,国府田麻理子"
1,0x3740,22,2,6,大块头
1,0x3764,22,1,4,肥猪
1,0x3778,22,2,4,雪印
1,0x379C,74,1,58,"金黄色葡萄球菌,大阪工场,每日骨太,冰淇淋,沉没的船"
1,0x37E4,26,2,8,闷热
1,0x380C,22,1,4,肥猪
1,0x3820,22,2,4,丑女
1,0x3848,82,1,66,"宫村优子,网络偶像,-,笨蛋拖鞋,糟糕,疼,烦人,可恨"
1,0x3898,26,2,8,变态色狼
1,0x38C4,70,1,52,"电影少女,桂正和,赤松健,色情,没用的走光很多,\"
1,0x3908,22,2,6,关口宏
1,0x3934,38,1,22,"伪善者,帕杰罗,刷子"
1,0x3958,22,2,6,伪善者
1,0x3980,34,1,16,"关口宏,德光,福留"
1,0x39A0,22,2,4,福留
1,0x39CC,30,1,13,"伪善者,黑社会"
1,0x39E8,26,2,8,山寨货
1,0x3A14,42,1,24,"数码宝贝,加尔丹,普京"
1,0x3A3C,26,2,10,美国人
1,0x3A6C,174,1,157,"恋童癖,杀人者,吸毒成瘾者,小学生的阴道口,幼女全裸尸体,附着在衣服上的体液,从体内检测出的体液,捅破小学生处女膜的机器,枪乱射,-,插入小学生的阴道,内射,强奸"
1,0x3B18,26,2,8,冲绳基地
1,0x3B40,22,1,4,恋童
1,0x3B54,26,2,8,释放
1,0x3B80,22,1,6,樱
1,0x3B94,22,2,4,德光
1,0x3BC0,30,1,15,"黑社会,假哭"
1,0x3BDC,22,2,6,八桥饼
1,0x3C00,26,1,9,"沙纪,京都"
1,0x3C18,26,2,8,岩男润子
1,0x3C48,38,1,20,"人妻,知世,-,企鹅"
1,0x3C6C,46,2,30,把路人咔嚓咔嚓砍倒
1,0x3CAC,18,1,2,舞
1,0x3CBC,34,2,18,数码升级
1,0x3CF0,26,1,8,数码宝贝
1,0x3D08,26,2,8,野田顺子
1,0x3D38,26,1,8,阳之下光
1,0x3D50,26,2,8,阳之下光
1,0x3D80,22,2,4,包茎
1,0x3DA8,22,2,6,盖茨
1,0x3DD4,74,1,57,"微软,黑社会,偷偷发送用户信息,送枪手"
1,0x3E1C,22,2,6,科乐美
1,0x3E40,86,1,71,"国府田麻理子,丹下樱,烦人,黑社会,什么都注册商标,偷偷发送用户信息"
1,0x3E94,30,2,14,钢铁天使胡桃
1,0x3EC8,126,1,111,"钢铁天使,胡桃,沙纪,卡琳卡,变态色狼,也有从接吻开始的奇迹对吧,也有从接吻开始的奇迹对吧,色情"
1,0x3F44,22,2,6,丹下樱
1,0x3F70,50,1,33,"治疗师,终极疗法"
1,0x3FA0,26,2,8,有田芳生
1,0x3FD0,26,2,10,Boys Be...
1,0x3FFC,118,1,102,"胡桃,沙纪,卡琳卡,变态色狼,也有从接吻开始的奇迹对吧,也有从接吻开始的奇迹对吧,色情"
1,0x4070,22,2,6,黑社会
1,0x40A0,58,1,43,"德光,科乐美,微软,NTT,NEC,锅常"
1,0x40D8,22,2,6,枪乱射
1,0x4100,26,1,10,美国人
1,0x4118,22,2,6,飞行石
1,0x413C,26,1,8,天空之城
1,0x4154,26,2,8,大阪工场
1,0x417C,30,1,14,金黄色葡萄球菌
1,0x4198,30,2,15,伪Pia胡萝卜
1,0x41C4,18,2,3,MSX
1,0x41E4,22,2,6,X68030
1,0x41F8,22,2,7,=X68000
1,0x420C,26,2,8,FM-Towns
1,0x4234,22,1,4,FM-7
1,0x4248,18,2,2,X1
1,0x4268,22,2,4,FM-7
1,0x428C,26,1,8,FM-Towns
1,0x42A4,22,2,6,睡眠药
1,0x42C8,26,2,10,吸毒成瘾者
1,0x42F0,26,1,10,美国人
1,0x4308,22,2,6,游行队
1,0x432C,30,2,12,洞窟探险
1,0x4358,30,1,15,"任天堂,虚弱体质"
1,0x4374,34,2,16,救难直升机
1,0x43A4,30,1,15,"麦克风,HUDSON"
1,0x43C0,26,2,8,里见之谜
1,0x43E8,26,1,8,垃圾游戏
1,0x4400,34,2,16,漂浮枪手SASA
1,0x4430,26,1,8,ASCII
1,0x4448,34,2,16,菩故须苛战争
1,0x4478,34,1,17,"ASCII,垃圾游戏"
1,0x4498,26,2,10,古畑任三郎
1,0x44C8,26,1,10,今泉慎太郎
1,0x44E0,26,2,10,今泉慎太郎
1,0x4510,30,1,15,"古畑任三郎,秃头"
1,0x452C,30,2,14,机界三十一原种
1,0x4558,42,2,26,偏时点火系统
1,0x4590,30,1,12,蓝瑟EVO军团
1,0x45AC,26,2,10,横山诺克
1,0x45DC,26,2,8,田岛阳子
1,0x460C,26,2,10,沉没的船
1,0x4638,38,1,20,"雪印,世嘉,田代政"
1,0x465C,22,2,4,世嘉
1,0x4680,122,1,105,"汤川专务,莎木,秋元康,世嘉BBS,普京,花了70亿做的垃圾游戏「莎木」,铃木裕,沉没的船,破产"
1,0x46F8,34,2,18,合金装备
1,0x4728,26,1,8,垃圾游戏
1,0x4740,38,2,20,莎木一章横须贺
1,0x4774,26,1,8,垃圾游戏
1,0x478C,26,2,8,垃圾游戏
1,0x47B8,70,1,55,"里见之谜,莎木,菩故须苛战争,合金装备"
1,0x47FC,30,2,14,冒险之书
1,0x4828,26,2,10,出木杉君
1,0x4850,34,2,18,营团地下铁日比谷线
1,0x4880,22,1,4,脱线
1,0x4894,34,2,18,萨马多利亚王子
1,0x48C4,34,1,16,勇者斗恶龙
1,0x48E4,30,2,14,剧空间职业棒球
1,0x4914,22,1,6,科乐美
1,0x4928,26,2,10,伯劳鸟摔
1,0x4950,26,2,8,安浦刑警
1,0x4980,26,1,8,情状酌量
1,0x4998,26,2,8,鲷鱼烧
1,0x49C0,26,1,11,"步,唔咕～"
1,0x49D8,22,2,4,步
1,0x4A04,82,1,65,"鲷鱼烧,-,名雪,秋子女士,-,祐一,唔咕,-,疑似天使信仰,盗窃,偷米贼"
1,0x4A54,22,2,6,唔咕～
1,0x4A80,22,1,4,步
1,0x4A94,26,2,10,钢坦克
1,0x4ABC,26,2,8,高达
1,0x4AE4,38,1,23,"加尔丹,光束步枪"
1,0x4B08,30,2,14,霹雳游侠
1,0x4B34,26,1,10,骑士财团
1,0x4B4C,30,2,12,飞狼
1,0x4B78,22,2,4,大魔
1,0x4B9C,42,1,26,喷射气流攻击
1,0x4BC4,38,2,22,魔法蘑菇
1,0x4BF8,26,2,8,花与梦
1,0x4C20,18,2,3,JCO
1,0x4C40,74,1,59,"放射能,盖格计数器,辐射泄漏,到处撒放射性物质"
1,0x4C88,26,2,10,科杰克
1,0x4CB0,22,1,4,秃头
1,0x4CC4,26,2,8,娜可露露
1,0x4CF0,158,1,142,"继母,莉姆露露,无毛,飞机场,杀人者,\,紧紧闭合,把路人咔嚓咔嚓砍倒,神威灵犀,胜利之刃,命运之轮,十四连斩"
1,0x4D8C,30,2,12,胜利之刃
1,0x4DC0,26,1,8,娜可露露
1,0x4DD8,22,2,6,初号机
1,0x4DFC,50,1,34,"AT力场,暴走,展开AT力场"
1,0x4E2C,18,2,2,栞
1,0x4E50,110,1,94,"冰淇淋,素描本,-,香里,祐一,-,世界之敌,病弱,画得烂,自杀,衰弱,病死,神威灵犀"
1,0x4EBC,26,2,8,Peopo君
1,0x4EE4,22,1,6,烦人
1,0x4EF8,26,2,8,蟹江敬三
1,0x4F20,26,2,8,石桥莲司
1,0x4F48,26,2,8,若本规夫
1,0x4F70,26,1,8,欧拉欧拉
1,0x4F88,30,2,12,大东亚共荣圈
1,0x4FB4,22,2,6,多重
1,0x4FDC,102,1,85,"来栖川电工,赛利欧,绿发机器耳,掉帧,热暴走,超频,内存泄漏,吐核心"
1,0x5040,26,2,10,夏亚专用
1,0x5068,26,2,10,夏亚少佐
1,0x5090,30,1,14,丢殖民地
1,0x50AC,26,2,10,德川埋藏金
1,0x50D4,30,2,12,山田Wink
1,0x5100,26,2,8,西部警察
1,0x5128,30,2,12,波茨坦宣言
1,0x5154,34,2,16,法国外籍兵团
1,0x5184,30,2,12,MD
1,0x51B0,22,1,4,世嘉
1,0x51C4,26,2,10,PC Engine
1,0x51EC,18,1,3,NEC
1,0x51FC,26,2,10,红白机
1,0x5224,22,1,6,任天堂
1,0x5238,26,2,8,中村主水
1,0x5260,30,1,12,从背后刺
1,0x527C,26,2,10,藤田诚
1,0x52A4,34,1,17,"欠债,从背后刺"
1,0x52C4,26,2,8,HUDSON
1,0x52EC,38,1,23,"高桥名人,2P手柄麦克风"
1,0x5310,26,2,8,高桥名人
1,0x5338,26,1,11,"胖子,16连射"
1,0x5350,18,2,3,Key
1,0x5370,38,2,20,巴尔特安德尔斯之剑
1,0x53A4,26,2,10,神奈川县警
1,0x53D0,26,2,8,爱知县警
1,0x53FC,26,1,8,误认逮捕
1,0x5414,30,2,14,冰淇淋
1,0x5440,22,1,4,雪印
1,0x5454,22,2,6,八稚女
1,0x5478,22,2,6,大蛇薙
1,0x549C,38,2,20,墨菲的鬼魂
1,0x54D0,30,2,12,极限手刀
1,0x5500,34,2,18,大武道
1,0x5530,22,2,4,藤隆
1,0x5554,34,1,16,"樱,桃矢,知世"
1,0x5574,30,2,12,利维亚斯
1,0x55A0,22,2,6,森喜朗
1,0x55C4,26,1,8,小渊惠三
1,0x55DC,26,2,8,小渊惠三
1,0x5604,38,1,20,"森喜朗,2000圆札,死人"
1,0x5628,26,2,8,加尔丹
1,0x5650,34,1,17,"高达,山寨货"
1,0x5670,26,2,8,高桥克典
1,0x5698,118,1,103,"金属球棒,烦人,举动不审,非国民,粪虫,感觉会被在推荐信上写「没有协调性」,无样,瓶子攻击者"
1,0x570C,26,2,8,织田裕二
1,0x5734,30,1,15,"烦人,举动不审"
1,0x5750,26,2,8,伊东四朗
1,0x5778,22,2,4,彻子
1,0x579C,26,2,8,泉品子
1,0x57C4,22,2,4,美乃
1,0x57E8,26,2,8,高桥凉介
1,0x5810,18,2,3,NHK
1,0x5830,22,1,6,黑社会
1,0x5844,38,2,20,天国星坠
1,0x5878,30,2,12,大江户搜查网
1,0x58A4,34,2,16,Virtual Boy
1,0x58D4,26,2,10,Gachapin
1,0x58FC,22,1,6,Mukku
1,0x5910,22,2,6,Mukku
1,0x5934,26,1,10,Gachapin
1,0x594C,26,2,8,佐马洪
1,0x5974,22,2,6,埼京线
1,0x5998,26,2,10,京滨东北线
1,0x59C0,26,2,8,大桥巨泉
1,0x59E8,30,1,15,"原平,肥猪"
1,0x5A04,18,2,3,MMR
1,0x5A24,26,1,8,木林
1,0x5A3C,26,2,8,木林
1,0x5A64,26,1,10,"MMR,眼镜"
1,0x5A7C,30,2,12,一般保护违规
1,0x5AA8,38,2,20,棱镜反射器
1,0x5ADC,26,1,8,艾米利奥
1,0x5AF4,30,2,12,AT力场
1,0x5B20,30,1,15,"初号机,碇真嗣"
1,0x5B3C,38,2,20,命运之轮
1,0x5B78,26,1,11,"娜可露露,舞"
1,0x5B90,42,2,24,尼伯龙根=瓦雷斯缇
1,0x5BD0,22,2,6,竹轮
1,0x5BF4,34,1,17,"自慰,小林亚星"
1,0x5C14,22,2,6,自白剂
1,0x5C38,22,1,6,金正日
1,0x5C4C,34,2,18,三重灾祸
1,0x5C84,38,2,20,灭绝切割
1,0x5CC0,26,1,8,卢卡尔
1,0x5CD8,26,2,10,格里菲斯
1,0x5D00,38,1,23,"神之手,石松葛兹"
1,0x5D24,22,2,6,赛利欧
1,0x5D48,90,1,74,"来栖川电工,多重,掉帧,热暴走,超频,内存泄漏,吐核心"
1,0x5DA0,26,2,10,来栖川电工
1,0x5DC8,30,1,13,"多重,赛利欧"
1,0x5DE4,30,2,12,神之手
1,0x5E10,26,2,8,碇真嗣
1,0x5E38,82,1,67,"AT力场,自慰,自我厌恶,精神污染,脉冲逆流,展开AT力场"
1,0x5E88,26,2,8,自慰
1,0x5EB4,22,1,6,竹轮
1,0x5EC8,22,2,6,数码子
1,0x5EEC,134,1,117,"布子,铃铛猫娘设定上是10岁，本公司认为铃铛猫娘不适合作性表现·描写"
1,0x5F70,22,2,6,布子
1,0x5F94,54,1,36,"烤鱼干,数码子,美好的Something"
1,0x5FC8,22,2,6,雏子
1,0x5FEC,22,1,6,数码子
1,0x6000,22,2,4,盖玛
1,0x6024,22,2,6,兔田
1,0x6048,22,1,6,数码子
1,0x605C,26,2,8,木之本樱
1,0x6074,22,2,7,=樱
1,0x6088,26,2,10,大道寺知世
1,0x60A0,22,2,5,=知世
1,0x60B4,22,2,4,托罗
1,0x60D8,26,1,9,"猫耳,SCEI"
1,0x60F0,22,2,4,SCEI
1,0x6114,18,2,3,AMD
1,0x6134,26,2,10,真珠湾攻击
1,0x6168,30,2,14,杰尼斯·喜多川
1,0x6194,22,1,4,SMAP
1,0x61A8,26,2,8,爱丽丝
1,0x61D0,30,1,15,"古代种,新城沙织"
1,0x61EC,22,2,6,古代种
1,0x6210,38,1,21,"爱丽丝,古代索德人"
1,0x6234,26,2,8,新城沙织
1,0x624C,22,2,5,=沙织
1,0x6260,22,2,4,Leaf
1,0x6284,30,1,14,"雫,痕,To Heart"
1,0x62A0,34,2,16,铜头锄
1,0x62D0,22,1,4,脆
1,0x62E4,26,2,8,川澄绫子
1,0x630C,30,1,15,"神岸明,香里"
1,0x6328,26,2,10,神岸明
1,0x6350,70,1,55,"浩之酱,青梅竹马,-,多重,-,川澄绫子,-,狗,可爱"
1,0x6394,26,2,8,堀江由衣
1,0x63BC,42,1,26,"多重,步,-,由依字体"
1,0x63E4,26,2,10,原平
1,0x640C,26,1,8,大桥巨泉
1,0x6424,22,2,7,世嘉BBS
1,0x6448,94,1,76,"世嘉,厨房,死小白,烦人,用半角假名和机种依存文字发帖,煽动,死小白的想法"
1,0x64A4,26,2,8,巴寇拉
1,0x64CC,26,1,8,泽维乌斯
1,0x64E4,26,2,8,泽维乌斯
1,0x650C,26,1,8,巴寇拉
1,0x6524,34,2,16,超级赛亚人
1,0x6554,38,2,20,结果还是南极大冒险
1,0x6588,30,1,15,"企鹅,科乐美"
1,0x65A4,22,2,6,Ecoco
1,0x65C8,34,1,17,"企鹅,东北电力"
1,0x65E8,26,2,10,基斯蒂丝
1,0x6610,30,1,13,"臭气,莉诺雅"
1,0x662C,26,2,8,秋竹城
1,0x6654,22,2,4,名雪
1,0x6678,146,1,128,"草莓圣代,大眼蛙,猫耳,-,国府田麻理子,-,秋子女士,步,祐一,SMAP中森君的立场,演艺界中肯特·德里科特的立场"
1,0x6708,22,2,4,猫耳
1,0x672C,54,1,38,"斯比奈鲁,托罗,名雪,猫猫子,心血来潮"
1,0x6760,30,2,12,黑盖玛
1,0x678C,26,2,8,秋子女士
1,0x67B4,82,1,66,"谜之果酱,-,名雪,步,-,皆口裕子,邪眼发动,觉醒杀意的波动,胁迫"
1,0x6804,26,2,8,谜之果酱
1,0x682C,26,1,8,秋子女士
1,0x6844,22,2,6,巨神兵
1,0x6868,42,1,26,"炮艇,滑翔翼,巨神兵"
1,0x6890,22,2,4,厨房
1,0x68B8,26,2,8,吉翁号
1,0x68E0,30,1,15,"高达,夏亚"
1,0x68FC,22,2,6,FM音源
1,0x6920,26,2,8,小林亚星
1,0x6948,42,1,25,"JASRAC,肥猪,烦人,抄袭"
1,0x6970,22,2,6,JASRAC
1,0x6994,26,1,8,小林亚星
1,0x69AC,26,2,8,艾尔库
1,0x69D4,26,2,8,继母
1,0x69FC,30,1,13,"鸟,娜可露露"
1,0x6A18,26,2,8,卢卡尔
1,0x6A40,50,1,35,"灭绝切割,天堂之门"
1,0x6A70,26,2,8,寺田先生
1,0x6A98,50,1,33,"恋童癖,利佳,色情,插入小学生的阴道"
1,0x6AC8,22,2,4,利佳
1,0x6AEC,138,1,122,"小学生,樱,知世,-,寺田先生,-,阴道,小学生的阴道,小学生的阴道口,可爱,无毛,飞机场,-,色情,紧紧闭合,插入小学生的阴道"
1,0x6B74,22,2,4,煽动
1,0x6B88,22,2,5,=厨房
1,0x6B9C,22,2,4,自慰
1,0x6BB0,26,2,9,=自慰
1,0x6BC8,22,2,6,内射
1,0x6BF0,130,1,114,"小学生,中学生,阴道口,小学生的阴道口,幼女全裸尸体,附着在衣服上的体液,从体内检测出的体液,擦擦,插入小学生的阴道"
1,0x6C70,26,2,10,可罗酱
1,0x6C88,26,2,11,=刻耳珀诺斯
1,0x6CA0,26,2,8,斯比
1,0x6CB8,26,2,9,=斯比奈鲁
1,0x6CD0,26,2,8,斯比奈鲁
1,0x6CF8,26,1,11,"猫耳,点心"
1,0x6D10,26,2,8,心血来潮
1,0x6D38,22,1,4,猫耳
1,0x6D4C,34,2,16,果糖葡萄糖液糖
1,0x6D7C,30,2,14,草莓圣代
1,0x6DA8,22,1,4,名雪
1,0x6DBC,18,2,2,舞
1,0x6DDC,114,1,97,"纳豆,-,佐祐理,祐一,把路人咔嚓咔嚓砍倒,劈砍,命运之轮,九头龙闪,天翔龙闪"
1,0x6E4C,22,2,6,肉包
1,0x6E70,26,2,10,浩之酱
1,0x6E98,58,1,40,"神岸明,多重,因为女人毁掉人生的类型"
1,0x6ED0,22,2,6,龙猫
1,0x6EF4,46,1,30,"猫巴士,灰尘精灵,恋童癖"
1,0x6F20,26,2,8,猫巴士
1,0x6F48,50,1,33,"猫耳,龙猫,灰尘精灵,恋童癖"
1,0x6F78,34,2,16,灰尘精灵
1,0x6FA8,30,1,15,"龙猫,猫巴士"
1,0x6FC4,22,2,6,秋元康
1,0x6FE8,26,1,9,"世嘉,肥猪"
1,0x7000,26,2,8,民明书房
1,0x7028,26,2,8,禁治产者
1,0x7050,22,2,4,AE86
1,0x7074,26,2,10,超时空要塞
1,0x70A0,26,2,8,大眼蛙
1,0x70C8,22,1,4,名雪
1,0x70DC,22,2,6,金正日
1,0x7100,22,1,6,自白剂
1,0x7114,34,2,18,伊斯兰原教旨主义者
1,0x7144,34,2,16,H.P.洛夫克拉夫特
1,0x7174,30,2,14,网络偶像
1,0x71A0,22,1,4,丑女
1,0x71B4,18,2,3,Z80
1,0x71D4,34,2,16,夏克蒂帕特
1,0x7208,30,2,12,角田☆博
1,0x7234,26,2,10,活杀化石冲
1,0x7264,26,2,8,泼水论
1,0x728C,26,1,8,有田芳生
1,0x72A4,26,2,10,道场六三郎
1,0x72CC,26,2,8,虚弱体质
1,0x72F4,30,1,12,洞窟探险
1,0x7310,30,2,14,丢殖民地
1,0x7340,22,1,6,夏亚
1,0x7354,26,2,8,假哭
1,0x737C,22,1,4,德光
1,0x7390,26,2,8,ASCII
1,0x73B8,50,1,33,"漂浮枪手SASA,菩故须苛战争"
1,0x73E8,22,2,4,尺良
1,0x740C,26,2,8,腌萝卜
1,0x7434,30,2,12,神威灵犀
1,0x7468,26,1,11,"娜可露露,栞"
1,0x7480,26,2,8,步步
1,0x7498,22,2,5,=步
1,0x74AC,26,2,8,飞机场
1,0x74D8,74,1,59,"樱,知世,利佳,娜可露露,莉姆露露,-,小学生,小学生的阴道,贵重"
1,0x7520,26,2,8,艾米利奥
1,0x7548,50,1,33,"棱镜反射器,疑似天使信仰"
1,0x7578,22,2,6,中学生
1,0x759C,62,1,44,"阴道,-,美咲千,小,内射,放进拿出"
1,0x75D8,34,2,18,盖格计数器
1,0x7608,22,2,6,放射能
1,0x7630,26,1,8,东北电力
1,0x7648,34,2,16,线框
1,0x7678,22,2,6,色情
1,0x769C,38,1,20,"赤松健,-,樱,知世"
1,0x76C0,22,2,6,杀人者
1,0x76E4,42,1,26,"娜可露露,-,石松葛兹,福留"
1,0x770C,22,2,4,病弱
1,0x7730,26,1,9,"栞,乃绘美"
1,0x7748,26,2,8,东北电力
1,0x7770,46,1,28,"JCO,放射能,Ecoco,辐射泄漏"
1,0x779C,26,2,8,企鹅
1,0x77C4,50,1,33,"Linux,结果还是南极大冒险,Ecoco"
1,0x77F4,22,2,4,死人
1,0x781C,46,1,28,"莉诺雅,小渊惠三,肌肉北村"
1,0x7848,22,2,6,16连射
1,0x7874,26,1,8,高桥名人
1,0x788C,30,2,14,紧紧闭合
1,0x78B8,58,1,41,"樱,知世,利佳,娜可露露,-,小学生,中学生"
1,0x78F0,22,2,4,人妻
1,0x7914,26,1,8,岩男润子
1,0x792C,22,2,6,普京
1,0x7950,30,1,13,"山寨货,世嘉"
1,0x796C,26,2,10,治疗师
1,0x7994,22,1,6,丹下樱
1,0x79A8,22,2,6,臭气
1,0x79CC,26,1,10,基斯蒂丝
1,0x79E4,22,2,4,俺
1,0x7A0C,26,2,8,欧拉欧拉
1,0x7A24,22,2,5,=欧拉
1,0x7A38,30,2,14,木之本樱抱枕
1,0x7A64,26,1,11,"樱,知世"
1,0x7A7C,34,2,16,米诺夫斯基粒子
1,0x7AAC,38,2,20,散布米诺夫斯基粒子
1,0x7AE4,22,1,6,夏亚
1,0x7AF8,22,2,6,铃木裕
1,0x7B1C,126,1,109,"花了70亿做的垃圾游戏「莎木」,世嘉,花70亿做个垃圾游戏,前作卖得不好还扬言要做续作"
1,0x7B98,26,2,8,汤川专务
1,0x7BC0,122,1,106,"汤川专务,莎木,Dreamcast,秋元康,世嘉BBS,普京,花了70亿做的垃圾游戏「莎木」,铃木裕"
1,0x7C38,30,2,12,艾利欧君
1,0x7C64,34,1,17,"斯比奈鲁,释放"
1,0x7C84,22,2,6,塔摩利
1,0x7CA8,30,1,12,Koji富田
1,0x7CC4,26,2,8,织田无道
1,0x7CEC,34,2,16,搬家的堺
1,0x7D1C,34,2,18,夏克蒂=卡琳
1,0x7D4C,34,1,16,天使光环
1,0x7D6C,26,2,8,邪眼发动
1,0x7D94,26,2,10,椎名碧流
1,0x7DBC,26,2,8,擦擦
1,0x7DEC,86,1,70,"恋童癖,小学生,中学生,-,樱,知世,利佳,寺田先生,内射,插入小学生的阴道"
1,0x7E40,26,2,10,插双网卡
1,0x7E6C,34,2,16,天使光环
1,0x7EA4,34,1,18,夏克蒂=卡琳
1,0x7EC4,26,2,10,知世酱
1,0x7EDC,22,2,5,=知世
1,0x7EF0,26,2,8,相叶昴治
1,0x7F18,46,1,28,"利维亚斯,妮娅,自我厌恶"
1,0x7F44,22,2,4,欠债
1,0x7F6C,26,1,10,藤田诚
1,0x7F84,42,2,26,喷射气流攻击
1,0x7FC0,22,1,4,大魔
1,0x7FD4,22,2,6,抄袭
1,0x7FFC,30,1,15,"科乐美,小林亚星"
1,0x8018,26,2,8,月宫步
1,0x8030,22,2,5,=步
1,0x8044,26,2,8,水濑名雪
1,0x805C,22,2,5,=名雪
1,0x8070,30,2,12,水濑秋子女士
1,0x808C,26,2,9,=秋子女士
1,0x80A4,22,2,6,偷米贼
1,0x80C8,26,2,10,心动
1,0x80F0,22,2,4,美凪
1,0x8114,62,1,47,"大米,米券,凪世界,进呈,偷米贼,亲手"
1,0x8150,22,2,6,米券
1,0x8174,26,1,9,"美凪,进呈"
1,0x818C,26,2,8,远野美凪
1,0x81A4,22,2,5,=美凪
1,0x81B8,26,2,8,近亲相奸
1,0x81E4,26,2,8,脑死判定
1,0x8210,30,2,12,寿司海豹
1,0x823C,30,2,12,改名为Aleph
1,0x826C,26,2,10,七键守护神
1,0x8294,26,2,8,引入Bug
1,0x82BC,22,2,5,SOTEC
1,0x82E0,22,1,4,故障
1,0x82F4,34,2,18,迪安娜反击
1,0x8324,26,2,8,萌萌
1,0x834C,26,1,11,"樱,知世"
1,0x8364,26,2,8,死胖子
1,0x837C,22,2,5,=胖子
1,0x8390,22,2,4,佳乃
1,0x83B4,146,1,130,"薯条,流水素面,冰镇麦茶,\,把路人咔嚓咔嚓砍倒,邪眼发动,觉醒杀意的波动,空裂眼刺惊"
1,0x8444,22,2,6,薯条
1,0x8468,26,1,9,"狗,佳乃"
1,0x8480,22,2,4,自杀
1,0x84A8,22,1,7,"栞,佳乃"
1,0x84BC,26,2,8,雾岛佳乃
1,0x84D4,22,2,5,=佳乃
1,0x84E8,30,2,12,国府田麻理子
1,0x8514,62,1,44,"名雪,糟糕,冷,疼,烦人,扫兴,可恨"
1,0x8550,22,2,6,麻理姐
1,0x8564,30,2,13,=国府田麻理子
1,0x8580,38,2,22,最终融合
1,0x85B8,34,2,16,扮演医生游戏
1,0x85EC,26,2,8,一拳
1,0x8618,26,2,8,误认逮捕
1,0x8644,26,1,8,爱知县警
1,0x865C,26,2,10,骑士财团
1,0x8684,30,1,14,霹雳游侠
1,0x86A0,22,2,4,观铃
1,0x86C4,70,1,55,"浓郁粘稠蜜桃,\,衰弱,忘记一切,寻找奇怪的果汁"
1,0x8708,26,2,8,神奈延年
1,0x8730,26,2,8,光学迷彩
1,0x875C,22,1,4,香里
1,0x8770,22,2,6,佐祐理
1,0x8794,18,1,2,舞
1,0x87A4,26,2,10,仓田佐祐理
1,0x87BC,22,2,7,=佐祐理
1,0x87D0,22,2,4,沙织
1,0x87F4,42,1,24,"运动短裤,小沙织,可爱"
1,0x881C,22,2,4,瑞穗
1,0x8840,26,1,11,"狗耳,眼镜"
1,0x8858,22,2,6,琉璃子
1,0x887C,94,1,76,"毒电波,电波系,像鱼死掉一样的眼睛,波纹疾走,金黄色波纹疾走"
1,0x88D8,22,2,6,毒电波
1,0x88FC,22,1,6,琉璃子
1,0x8910,26,2,8,小沙织
1,0x8928,22,2,5,=沙织
1,0x893C,26,2,8,水
1,0x8954,22,2,5,=瑞穗
1,0x8968,26,2,8,琉璃琉璃
1,0x8980,22,2,7,=琉璃子
1,0x8994,34,2,16,鲁山风味寿喜烧
1,0x89C4,26,1,8,海原雄山
1,0x89DC,26,2,8,海原雄山
1,0x8A04,74,1,59,"鲁山风味寿喜烧,美食俱乐部,山冈士郎,掀翻矮桌"
1,0x8A4C,26,2,10,美食俱乐部
1,0x8A74,26,1,8,海原雄山
1,0x8A8C,26,2,8,饭冢雅弓
1,0x8AB4,22,1,4,真琴
1,0x8AC8,26,2,8,连续投币
1,0x8AF4,30,2,12,古代索德人
1,0x8B20,22,1,6,古代种
1,0x8B34,22,2,6,淀号
1,0x8B58,30,2,12,流水素面
1,0x8B84,22,1,4,佳乃
1,0x8B98,22,2,6,非国民
1,0x8BC0,46,1,30,"高桥克典,织田裕二,国府田麻理子"
1,0x8BEC,18,2,2,阴道
1,0x8C10,102,1,86,"樱,知世,利佳,-,小学生,中学生,窄,无毛,进不到深处,放进拿出,插入,内射"
1,0x8C74,26,2,10,小学生的阴道
1,0x8C8C,18,2,3,=阴道
1,0x8C9C,26,2,8,神尾观铃
1,0x8CB4,22,2,5,=观铃
1,0x8CC8,30,2,12,冰镇麦茶
1,0x8CF4,22,1,4,佳乃
1,0x8D08,30,2,12,塞巴斯蒂安
1,0x8D34,38,1,22,"杀人者,大块头,邪眼发动"
1,0x8D58,22,2,6,鹤来屋
1,0x8D7C,38,2,20,深渊迪琼
1,0x8DB0,34,2,16,城市猎人
1,0x8DE0,30,2,14,光束步枪
1,0x8E0C,26,1,8,高达
1,0x8E24,30,2,12,时限发火装置
1,0x8E50,26,2,10,辐射泄漏
1,0x8E78,38,1,23,"哆啦A梦,JCO,东北电力"
1,0x8E9C,26,2,10,哆啦A梦
1,0x8EC4,106,1,89,"核武器,核燃料,人生重来机,辐射泄漏,到处撒放射性物质,结成团伙袭击刚田商店"
1,0x8F2C,26,2,8,饭野贤治
1,0x8F54,42,1,26,不知道反省自己
1,0x8F7C,30,2,14,天堂之门
1,0x8FA8,26,1,8,卢卡尔
1,0x8FC0,30,2,12,双重危机
1,0x8FEC,26,1,9,"观铃,自杀"
1,0x9004,30,2,14,凪世界
1,0x9030,22,1,4,美凪
1,0x9044,26,2,8,亲手
1,0x9070,22,1,4,美凪
1,0x9084,26,2,8,Makopi
1,0x909C,22,2,5,=真琴
1,0x90B0,22,2,6,燃烧
1,0x90D8,26,1,8,秋子女士
1,0x90F0,22,2,4,香里
1,0x9114,58,1,40,"栞,-,川澄绫子,影薄,光学迷彩,逃避现实"
1,0x914C,26,2,8,美坂香里
1,0x9164,22,2,5,=香里
1,0x9178,26,2,10,田村由香里
1,0x91A0,18,1,2,舞
1,0x91B0,26,2,8,由香里
1,0x91C8,26,2,11,=田村由香里
1,0x91E0,22,2,4,美汐
1,0x9204,30,1,15,"真琴,-,坂本真绫"
1,0x9220,26,2,8,天野美汐
1,0x9238,22,2,5,=美汐
1,0x924C,22,2,4,Piro
1,0x9270,26,1,9,"猫耳,真琴"
1,0x9288,26,2,8,冬贝利
1,0x92B0,22,1,4,步
1,0x92C4,30,2,14,素描本
1,0x92F0,18,1,2,栞
1,0x9300,26,2,8,岸边露伴
1,0x9328,34,1,17,"素描本,栞"
1,0x9348,26,2,8,画得烂
1,0x9370,30,1,13,"栞,樋上至"
1,0x938C,30,2,12,格斗家
1,0x93B8,22,1,6,剪线
1,0x93CC,22,2,6,核武器
1,0x93F0,26,1,10,哆啦A梦
1,0x9408,22,2,6,核燃料
1,0x942C,26,1,10,哆啦A梦
1,0x9444,26,2,8,九头龙闪
1,0x9474,18,1,2,舞
1,0x9484,26,2,8,天翔龙闪
1,0x94B4,18,1,2,舞
1,0x94C4,26,2,8,丧黑福造
1,0x94EC,22,2,6,剪线
1,0x9514,30,1,12,格斗家
1,0x9530,30,2,12,消音器
1,0x955C,26,2,8,精密射击
1,0x9584,26,2,8,劈砍
1,0x95B0,18,1,2,舞
1,0x95C0,26,2,8,绝地武士
1,0x95E8,26,2,8,里门顶肘
1,0x9618,34,2,18,Japanet Takata
1,0x9648,26,2,8,猎奇杀人
1,0x9670,26,2,8,莉姆露露
1,0x9698,114,1,97,"杀人者,娜可露露,可爱,无毛,飞机场,第二次性征前,紧紧闭合,把路人咔嚓咔嚓砍倒"
1,0x9708,26,2,10,霸王之卵
1,0x9730,26,2,8,波纹疾走
1,0x975C,22,1,6,琉璃子
1,0x9770,26,2,8,必中呐喊
1,0x979C,26,1,10,因普鲁斯
1,0x97B4,22,2,5,Linux
1,0x97D8,30,1,15,"Ecoco,企鹅"
1,0x97F4,22,2,4,贫乳
1,0x9808,26,2,9,=飞机场
1,0x9820,22,2,6,凪
1,0x9834,22,2,5,=美凪
1,0x9848,26,2,10,连环转身脚
1,0x9878,30,2,14,超能力拳
1,0x98AC,30,2,12,不吉波普
1,0x98D8,38,1,22,"宫下藤花,世界之敌,瞬杀"
1,0x98FC,26,2,8,宫下藤花
1,0x9924,30,1,12,不吉波普
1,0x9940,26,2,8,世界之敌
1,0x996C,26,1,11,"统和机构,栞"
1,0x9984,34,2,18,百合蝶上勾拳
1,0x99BC,26,2,10,霸王翔吼拳
1,0x99EC,30,2,12,库洛牌
1,0x9A18,22,1,6,樱
1,0x9A2C,22,2,4,纳豆
1,0x9A50,18,1,2,舞
1,0x9A60,26,2,8,大量购买
1,0x9A8C,34,2,16,硬化胶木
1,0x9ABC,26,2,8,精神污染
1,0x9AE8,34,1,17,"绫波丽,碇真嗣"
1,0x9B08,26,2,8,绫波丽
1,0x9B30,98,1,80,"AT力场,莉莉丝创造的文化极致,\,精神污染,脉冲逆流,展开AT力场"
1,0x9B90,22,2,4,绫波
1,0x9BA4,26,2,9,=绫波丽
1,0x9BBC,26,2,8,死海文书
1,0x9BE4,26,2,10,八岛作战
1,0x9C10,26,2,10,脉冲逆流
1,0x9C3C,34,1,17,"绫波丽,碇真嗣"
1,0x9C5C,30,2,14,2P手柄麦克风
1,0x9C88,26,1,8,HUDSON
1,0x9CA0,30,2,12,胖陆行鸟
1,0x9CCC,26,2,8,陆行鸟
1,0x9CF8,22,2,4,瞬杀
1,0x9D20,42,1,24,"不吉波普,舞,娜可露露"
1,0x9D48,22,2,6,热暴走
1,0x9D6C,30,1,13,"多重,赛利欧"
1,0x9D88,22,2,4,暴走
1,0x9DAC,38,1,21,"初号机,巡回澡堂车"
1,0x9DD0,22,2,6,纸粘土
1,0x9DF4,26,2,8,萎萎
1,0x9E1C,26,2,8,山崎君
1,0x9E44,30,1,14,展示虚假知识
1,0x9E60,34,2,16,数码兽皇帝
1,0x9E90,22,2,6,瞬天杀
1,0x9EBC,26,2,10,田代政
1,0x9EE4,26,1,10,沉没的船
1,0x9EFC,26,2,10,雅史酱
1,0x9F24,50,1,33,"因为女人毁掉人生的类型,笑着杀人"
1,0x9F54,38,2,22,护士天使莉莉香
1,0x9F88,30,2,14,Holy Up
1,0x9FB8,26,2,8,落败武士
1,0x9FE0,26,2,8,死小白
1,0x9FF8,22,2,5,=厨房
1,0xA00C,38,2,20,渐近线之刀
1,0xA040,30,2,12,贫铀弹
1,0xA06C,26,2,8,裁员
1,0xA098,26,2,8,裁员
1,0xA0B0,26,2,9,=裁员
1,0xA0C8,22,2,4,外送
1,0xA0F0,34,2,16,天空之城拉普达
1,0xA120,22,1,6,飞行石
1,0xA134,26,2,8,新东京
1,0xA15C,38,2,20,体内时钟都市Orloj
1,0xA190,26,2,10,幕张展览馆
1,0xA1B8,34,2,16,东京Big Sight
1,0xA1E8,26,2,10,Gamers
1,0xA210,54,1,38,"数码子屋卡,布子,雏子,兔田,诡异布"
1,0xA244,30,2,14,MESSE SANOH
1,0xA270,26,2,8,石丸电气
1,0xA298,22,2,4,LAOX
1,0xA2BC,26,2,10,Sofmap
1,0xA2E4,30,2,14,山际素之子
1,0xA310,30,1,14,山木屋软件
1,0xA32C,34,2,18,强强拉面
1,0xA35C,22,2,4,上传
1,0xA384,22,2,4,补充
1,0xA3AC,26,2,8,相互补充
1,0xA3D8,26,2,8,直接移植
1,0xA404,26,2,8,统和机构
1,0xA42C,26,1,11,Spooky E
1,0xA444,26,2,8,麻醉踢
1,0xA470,38,2,22,因为女人毁掉人生的类型
1,0xA4A8,38,1,22,"雅史,松坂君,木村拓哉"
1,0xA4CC,50,2,34,金黄色波纹疾走
1,0xA514,22,1,6,琉璃子
1,0xA528,50,2,34,空裂眼刺惊
1,0xA570,22,1,4,佳乃
1,0xA584,26,2,8,逃避现实
1,0xA5AC,26,2,8,雾间诚一
1,0xA5D4,34,1,18,写卖不出去的小说
1,0xA5F4,26,2,10,寺月恭一郎
1,0xA61C,26,2,8,「突破」
1,0xA648,22,2,6,乃绘美
1,0xA66C,22,1,4,病弱
1,0xA680,22,2,7,OFF交换
1,0xA6A8,22,2,6,对消灭
1,0xA6CC,22,2,6,不细工
1,0xA6E0,22,2,5,=丑女
1,0xA6F4,26,2,8,坂本真绫
1,0xA71C,22,1,4,美汐
1,0xA730,22,2,4,强奸
1,0xA758,26,1,10,美国人
1,0xA770,22,2,4,和奸
1,0xA798,30,2,12,由依字体
1,0xA7C4,26,2,8,皆口裕子
1,0xA7EC,26,1,8,秋子女士
1,0xA804,26,2,8,十四连斩
1,0xA830,22,2,6,X68000
1,0xA854,26,1,8,FM-Towns
1,0xA86C,34,2,16,浓郁粘稠蜜桃
1,0xA89C,22,1,4,观铃
1,0xA8B0,22,2,6,米骚动
1,0xA8D4,30,2,12,第二次性征前
1,0xA900,42,1,25,"樱,知世,利佳,莉姆露露"
1,0xA928,30,2,12,疑似天使信仰
1,0xA954,22,1,6,樱
1,0xA968,26,2,10,诡异布
1,0xA990,30,2,14,山木屋软件
1,0xA9BC,30,1,14,山际素之子
1,0xA9D8,26,2,10,风之丘
1,0xAA00,26,2,10,渡边制作所
1,0xAA28,26,2,10,虎穴
1,0xAA50,26,2,8,纪伊国屋
1,0xAA78,30,2,14,库洛·里德
1,0xAAA4,22,2,6,吉野家
1,0xAAC8,30,2,14,破防
1,0xAAF8,34,2,18,认真的十代聊天室
1,0xAB2C,30,2,12,迎来初潮
1,0xAB58,26,2,11,S.L.C俯冲
1,0xAB84,22,2,6,CD特攻
1,0xABAC,26,2,10,Hyper化
1,0xABD4,26,2,9,微软
1,0xABEC,30,2,15,=微软
1,0xAC08,26,2,8,举动不审
1,0xAC30,22,1,5,DQN
1,0xAC44,26,2,8,松坂君
1,0xAC6C,50,1,33,"因为女人毁掉人生的类型,无免许运转"
1,0xAC9C,22,2,7,色情DVD
1,0xACC0,26,2,8,悠久商法
1,0xACEC,30,2,12,青涩宝贝商法
1,0xAD1C,26,2,10,多部田俊雄
1,0xAD44,30,1,12,青涩宝贝商法
1,0xAD60,34,2,16,网络对战
1,0xAD90,38,2,20,史密斯探员
1,0xADC4,22,2,4,万世
1,0xADE8,26,2,10,阿兹漫画
1,0xAE10,58,1,40,"千代酱,大阪,喵莫,猫猫子,榊先生"
1,0xAE48,22,2,6,麻花辫
1,0xAE70,38,1,21,"阿兹漫画,千代酱"
1,0xAE94,26,2,10,猎杀御宅族
1,0xAEBC,26,2,10,飞手机
1,0xAEE4,26,2,10,第三者中继
1,0xAF10,26,2,8,粉碎骨折
1,0xAF38,30,2,14,吓得吐了
1,0xAF64,34,2,16,放进拿出
1,0xAF9C,66,1,48,"小学生,中学生,阴道,小学生的阴道,-,樱,知世,内射"
1,0xAFDC,30,2,14,幼女全裸尸体
1,0xB008,26,2,8,荒川河堤
1,0xB030,22,2,6,电波系
1,0xB054,30,1,13,"琉璃子,妮娅"
1,0xB070,30,2,12,小学生的阴道口
1,0xB08C,18,2,3,=阴道
1,0xB09C,26,2,10,新宿ALTA
1,0xB0C4,26,2,10,塔摩利专用
1,0xB0EC,22,2,6,樱上水
1,0xB110,22,2,6,水道桥
1,0xB134,26,2,8,丝井重里
1,0xB15C,34,1,18,德川埋藏金发掘失败
1,0xB17C,30,2,12,隐瞒召回
1,0xB1A8,26,2,8,复杂骨折
1,0xB1C0,26,2,9,=粉碎骨折
1,0xB1D8,22,2,4,阴道口
1,0xB1EC,18,2,3,=阴道
1,0xB1FC,22,2,4,插入
1,0xB210,34,2,17,=放进拿出
1,0xB244,34,2,16,只插入一点
1,0xB264,22,2,5,=插入
1,0xB278,26,2,8,烤失败
1,0xB2A0,22,2,5,DQN
1,0xB2C8,50,1,34,"举动不审,唔咕,认真的十代聊天室"
1,0xB2F8,22,2,5,DQN
1,0xB30C,22,2,6,=DQN
1,0xB320,26,2,8,家里蹲
1,0xB34C,38,2,22,民用控制
1,0xB380,26,2,10,道德眼镜
1,0xB3A8,26,2,8,癌细胞
1,0xB3D4,26,2,8,死亡宣告
1,0xB400,26,2,8,腐烂渣滓
1,0xB42C,30,2,12,蓝瑟EVO军团
1,0xB458,42,1,26,偏时点火系统
1,0xB480,26,2,8,醋昆布
1,0xB4A8,26,2,8,华夫饼
1,0xB4D0,26,2,10,忍气吞声
1,0xB4F8,22,2,4,大阪
1,0xB51C,26,1,10,千代酱
1,0xB534,26,2,10,猫猫子
1,0xB55C,22,2,6,喵莫
1,0xB580,26,1,10,阿兹漫画
1,0xB598,22,2,6,榊先生
1,0xB5BC,42,1,26,"猫耳,猫猫子,阿兹漫画"
1,0xB5E4,26,2,8,猎丑
1,0xB60C,22,2,6,饭田桥
1,0xB630,26,2,10,说教味
1,0xB658,26,1,8,小岛秀夫
1,0xB670,26,2,8,小岛秀夫
1,0xB698,26,1,10,说教味
1,0xB6B0,30,2,14,双峰
1,0xB6DC,22,2,6,友枝町
1,0xB700,26,2,8,掉帧
1,0xB728,26,2,10,对消灭反应
1,0xB740,22,2,7,=对消灭
1,0xB754,22,2,6,扫兴
1,0xB778,66,1,51,"胖子,丑女,-,科乐美,-,高桥克典,织田裕二,国府田麻理子"
1,0xB7B8,26,2,10,千代酱
1,0xB7E0,46,1,31,"小学生,由香里车,麻花辫,完璧超人"
1,0xB80C,26,2,8,完璧超人
1,0xB838,26,1,10,千代酱
1,0xB850,30,2,14,发动机爆缸
1,0xB87C,26,2,8,粉状
1,0xB8A4,26,2,10,上吊自杀
1,0xB8CC,30,2,12,跳楼自杀
1,0xB8F8,26,2,10,自意识过剩
1,0xB920,26,2,11,Spooky E
1,0xB948,26,2,8,先行入力
1,0xB970,26,2,10,落败武士风
1,0xB998,46,2,28,法修·斯坦皮特
1,0xB9D4,26,1,9,0距离射击
1,0xB9EC,46,2,30,列昂诺夫·傀儡师
1,0xBA28,22,2,7,2ch
1,0xBA3C,22,2,4,=2ch
1,0xBA50,26,2,10,新加势大周
1,0xBA78,26,2,8,美咲千
1,0xBAA0,22,1,6,中学生
1,0xBAB4,26,2,8,由香里车
1,0xBADC,26,1,10,千代酱
1,0xBAF4,34,2,18,东京Metallic通信
1,0xBB24,30,2,12,榴莲助川
1,0xBB50,30,2,12,佐藤电机
1,0xBB7C,34,1,16,美好的Something
1,0xBB9C,34,2,16,美好的Something
1,0xBBD0,22,1,6,布子
1,0xBBE4,30,2,12,烤鱼干
1,0xBC10,22,1,6,布子
1,0xBC24,26,2,11,第3新东京市
1,0xBC4C,34,2,16,极限突破
1,0xBC7C,26,2,8,森本雷欧
1,0xBCA4,26,2,8,佐野史郎
1,0xBCCC,26,2,10,日比谷公园
1,0xBCF4,38,2,20,可有可无
1,0xBD28,22,1,4,北川
1,0xBD3C,22,2,4,北川
1,0xBD60,38,1,20,可有可无
1,0xBD84,26,2,8,黑四水坝
1,0xBDAC,30,2,12,国产香草鸡
1,0xBDD8,26,2,10,友枝商店街
1,0xBE00,30,2,12,ALICESOFT
1,0xBE2C,26,2,8,西日暮里
1,0xBE54,26,2,8,烧死自杀
1,0xBE6C,22,2,5,=自杀
1,0xBE80,66,2,49,在网站上放Word和Excel格式资料的企业态度
1,0xBED0,58,2,43,在网站上放Word和Excel格式资料的企业
1,0xBF18,34,2,16,紧紧闭合着
1,0xBF48,30,2,12,不容小觑
1,0xBF74,22,2,4,粘着
1,0xBF9C,22,2,4,吨刀
1,0xBFC0,26,2,8,童话
1,0xBFEC,26,2,8,忠吉先生
1,0xC014,26,2,8,跟风狗
1,0xC040,30,2,12,残虐行为手当
1,0xC070,26,2,8,神界传送
1,0xC09C,30,2,12,原子排列转换
1,0xC0CC,38,2,22,滑滑馒头蟹
1,0xC100,26,2,10,伊藤辉夫
1,0xC128,26,2,8,富国强兵
1,0xC150,26,2,8,大门团长
1,0xC178,38,1,22,用霰弹枪精密射击
1,0xC19C,30,2,12,Koji富田
1,0xC1C8,22,1,6,塔摩利
1,0xC1DC,30,2,12,姬松茸
1,0xC208,26,2,8,隐性肥胖
1,0xC230,22,2,6,久米宏
1,0xC254,50,1,32,"筑紫哲也,木村太郎,匿名过敏"
1,0xC284,26,2,8,高脂血症
1,0xC2AC,30,2,12,内存泄漏
1,0xC2D8,30,1,13,"多重,赛利欧"
1,0xC2F4,26,2,8,武田铁矢
1,0xC31C,26,2,8,筑紫哲也
1,0xC344,30,1,15,"久米宏,木村太郎"
1,0xC360,26,2,8,木村太郎
1,0xC388,30,1,15,"筑紫哲也,久米宏"
1,0xC3A4,26,2,8,玉出版
1,0xC3CC,26,1,10,韭泽总编
1,0xC3E4,26,2,10,韭泽总编
1,0xC40C,26,1,8,玉出版
1,0xC424,26,2,8,歌丸师傅
1,0xC44C,26,2,8,熊牧场
1,0xC474,30,2,12,笨蛋拖鞋
1,0xC4A0,22,1,4,丑女
1,0xC4B4,26,2,10,笨蛋靴子
1,0xC4CC,30,2,13,=笨蛋拖鞋
1,0xC4E8,22,2,6,可罗助
1,0xC50C,46,1,30,把路人咔嚓咔嚓砍倒
1,0xC538,26,2,10,樋上至
1,0xC560,54,1,38,"至绘,画得烂,煮鸡蛋先生般的画功"
1,0xC594,22,2,6,魔人剑
1,0xC5B8,42,2,24,冲击波脉冲
1,0xC5F0,26,2,8,大坝山内
1,0xC618,34,2,16,辐射包子
1,0xC648,22,2,5,PC-FX
1,0xC66C,26,2,8,山冈士郎
1,0xC694,26,1,8,海原雄山
1,0xC6AC,22,2,6,粪虫
1,0xC6D4,42,1,24,"有田芳生,高桥克典,伪善者"
1,0xC6FC,22,2,4,笨蛋
1,0xC710,26,2,9,=脑子笨
1,0xC728,26,2,10,Cut a Dash
1,0xC750,30,2,12,过期
1,0xC780,26,2,10,SOTEC
1,0xC798,22,2,6,=SOTEC
1,0xC7AC,30,2,14,瑜伽火焰
1,0xC7DC,22,2,6,印度
1,0xC800,30,1,14,瑜伽火焰
1,0xC81C,26,2,8,锅常
1,0xC844,22,1,6,黑社会
1,0xC858,26,2,10,巴米扬
1,0xC880,26,2,10,列宁像
1,0xC8A8,26,2,8,恐怖新闻
1,0xC8D0,22,2,6,光合成
1,0xC8F8,22,2,6,模范囚
1,0xC920,26,2,10,玉子烧
1,0xC948,26,2,10,真田麻美
1,0xC970,26,1,10,Gamers
1,0xC988,26,2,10,小林胜代
1,0xC9B0,26,2,8,宫村优子
1,0xC9D8,22,1,4,丑女
1,0xC9EC,26,2,8,空达拉
1,0xCA14,38,2,22,Great Chicken Powers
1,0xCA48,22,1,4,冷
1,0xCA5C,26,2,8,赤井英和
1,0xCA84,26,1,10,石松葛兹
1,0xCA9C,26,2,10,Milmake
1,0xCAC4,38,2,20,都立产业贸易中心
1,0xCAF8,26,2,8,有马温泉
1,0xCB20,34,2,16,宝可梦泡面
1,0xCB50,30,2,14,西伯利亚超特急
1,0xCB7C,22,2,6,白木屋
1,0xCBA0,22,2,4,松屋
1,0xCBC4,46,2,28,演艺界中赤井英和的立场
1,0xCC00,46,2,28,演艺界中山濑麻美的立场
1,0xCC3C,78,2,60,以为带着VAIO自己就变能干了的白痴
1,0xCC9C,86,2,70,以为带着VAIO周围人就会羡慕自己的白痴
1,0xCD04,30,2,14,对AIBO性虐待
1,0xCD30,26,2,10,鬼怒川温泉
1,0xCD58,22,2,6,安产型
1,0xCD7C,30,2,12,大木博士
1,0xCDA8,26,2,8,等价崩坏
1,0xCDD0,22,2,6,东寻坊
1,0xCDF4,26,2,8,计划破产
1,0xCE1C,30,2,12,色情漫画岛
1,0xCE48,26,2,10,WONDER-NET
1,0xCE70,26,2,10,雪托邦
1,0xCE98,34,2,18,戴夫·斯佩克特
1,0xCEC8,30,2,12,弱碱性
1,0xCEF4,26,2,10,低温烫伤
1,0xCF1C,26,2,10,魔芋
1,0xCF44,22,1,4,真琴
1,0xCF58,26,2,10,无聊箱
1,0xCF80,30,1,12,濑方三四郎
1,0xCF9C,22,2,4,鸣子
1,0xCFC0,34,2,18,皮卡丘唱片
1,0xCFF0,26,2,8,水煮鲭鱼
1,0xD008,22,2,7,=鲭鱼罐
1,0xD01C,26,2,10,味噌煮鲭鱼
1,0xD034,22,2,7,=鲭鱼罐
1,0xD048,30,2,12,碎粒纳豆
1,0xD074,22,2,6,新小岩
1,0xF0A4,23,2,6,叙叙苑
1,0xF0C8,34,2,18,像死鱼一样的眼睛
1,0xF0F8,22,2,6,黄金轴
1,0xF11C,34,2,18,最终答案
1,0xF154,22,2,6,儿玉清
1,0xF178,34,1,16,Panel Attack 25
1,0xF198,34,2,16,Panel Attack 25
1,0xF1CC,22,1,6,儿玉清
1,0xF1E0,26,2,8,市原悦子
1,0xF208,30,2,12,拜森将军
1,0xF224,18,2,3,%ms
1,0xF234,34,2,16,泽田船长
1,0xF254,18,2,3,%ms
1,0xF264,26,2,10,喵姆子
1,0xF28C,26,2,10,纸箱
1,0x11340,27,2,8,鲁山风味
1,0x11368,26,2,8,烤红薯
1,0x11390,22,2,6,进退伺
1,0x113B4,26,2,10,谜之村雨城
1,0x113DC,26,2,8,死后硬直
1,0x11404,22,2,6,鲭鱼罐
1,0x11428,22,2,6,御徒町
1,0x1144C,22,2,6,先行者
1,0x11470,98,1,81,"多重,赛利欧,来栖川电工,掉帧,热暴走,超频,内存泄漏,吐核心"
1,0x114D0,26,2,10,药用入浴剂
1,0x114F8,26,2,8,关东煮罐
1,0x11520,26,2,8,韩国海苔
1,0x13654,22,2,6,胜哄桥
1,0x13678,30,2,12,雪国舞茸
1,0x136A4,30,2,14,人生重来机
1,0x136D0,26,1,10,哆啦A梦
1,0x136E8,30,2,14,巡回澡堂车
1,0x13714,22,1,4,暴走
1,0x13728,22,2,6,马车道
1,0x1374C,26,2,8,吃霸王餐
1,0x13774,30,2,12,等身大立牌
1,0x137A0,26,2,8,画架
1,0x137C8,26,2,8,海苔便当
1,0x137F0,26,2,8,摩艾石像
1,0x159A4,31,2,12,东武动物公园
1,0x159D4,34,2,16,高达尼姆合金
1,0x15A04,26,2,8,废弃招牌
1,0x15A2C,26,2,10,烙铁
1,0x15A54,30,2,14,生化危机
1,0x15A80,30,2,12,复活节岛
1,0x15AAC,26,2,8,出玉爆发
1,0x15AD8,38,2,20,饥饿蜘蛛
1,0x15B10,22,2,6,油粘土
1,0x15B34,22,2,4,秒杀
1,0x15B5C,26,2,10,守望之丘
1,0x17D90,39,2,22,多米尼克·桑蒂尼
1,0x17DC4,22,2,4,月岛
1,0x17DE8,30,2,12,濑方三四郎
1,0x17E14,26,1,10,无聊箱
1,0x17E2C,38,2,20,罗夏测试
1,0x17E64,38,2,20,GP-03 石斛兰
1,0x17E98,26,2,8,复印本
1,0x17EC4,30,2,12,假票
1,0x17EF0,26,2,8,Wagon CD
1,0x17F18,26,2,8,武藏野市
1,0x17F40,26,2,8,烙铁
1,0x17F68,30,2,12,面部格挡
1,0x1A220,26,2,10,冷冻金枪鱼
1,0x1A24C,26,2,8,期货交易
1,0x1A274,22,2,4,减反
1,0x1A298,30,2,14,花丸盒子
1,0x1A2C4,26,2,8,断绝国交
1,0x1A2EC,26,2,10,金属球棒
1,0x1A314,26,1,10,石松葛兹
1,0x1A32C,22,2,6,Yumbo
1,0x1A350,22,2,4,无样
1,0x1A374,38,1,21,"国府田麻理子,高桥克典"
1,0x1A398,26,2,10,反政府活动
1,0x1A3C0,26,1,8,高桥克典
1,0x1A3D8,30,2,12,Satellaview
1,0x1C710,27,2,8,熟成寿司
1,0x1C738,30,2,12,法棍面包
1,0x1C764,26,2,8,玉音放送
1,0x1C78C,30,2,12,国家总动员法
1,0x1C7B8,26,2,10,大政翼赞会
1,0x1C7E4,22,2,6,贫乏性
1,0x1C808,30,1,12,国府田麻理子
1,0x1C824,26,2,8,大件垃圾
1,0x1C850,30,2,14,椎间盘突出
1,0x1C87C,22,2,4,墓石
1,0x1C8A0,26,2,8,八名信夫
1,0x1C8C8,26,2,10,强力饲料
1,0x1EC7C,27,2,10,三十三间堂
1,0x1ECA4,34,2,16,顶级培育师
1,0x1ECD8,38,2,20,顶级培育师推荐
1,0x1ED0C,30,2,12,无籽葡萄
1,0x1ED38,22,2,6,战后首
1,0x1ED5C,30,2,12,狐狸乌冬面
1,0x1ED88,30,2,14,风雨兰
1,0x1EDB4,26,2,10,酸浆果
1,0x1EDDC,22,2,4,NERV
1,0x1EDF0,18,2,3,%mh
1,0x1EE00,22,2,6,脑子笨
1,0x1EE24,26,2,8,蠢货
1,0x2125C,38,1,20,拼命哥伦布
1,0x21280,30,2,12,中松博士
1,0x212AC,22,2,4,螺丝
1,0x212D0,30,2,14,量筒
1,0x212FC,30,2,12,职业介绍所
1,0x21328,26,2,10,现金输送车
1,0x21350,30,2,12,女版哆啦A梦
1,0x21380,26,2,8,欠陷住宅
1,0x213AC,26,2,10,登校拒否儿
1,0x213D8,26,2,8,饭勺
1,0x21400,30,2,12,租赁家族
1,0x238BC,63,2,44,会把「Ciel」念成「Shell」而大怒的男人
1,0x2390C,18,2,3,Z会
1,0x2392C,26,2,8,人间椅子
1,0x23954,26,2,8,歌丸梗
1,0x23980,26,2,10,救生筏
1,0x239A8,26,2,8,牙线棒
1,0x239D0,26,2,10,刚出时无敌
1,0x239F8,26,2,8,宴会部长
1,0x23A24,26,2,10,根室纪念馆
1,0x23A50,30,2,12,目黑寄生虫馆
1,0x23A80,26,2,8,浮用土
1,0x25FB8,31,2,15,V电影女王
1,0x25FE8,26,2,8,赤木春惠
1,0x26010,22,2,6,死体袋
1,0x26034,22,2,6,BC兵器
1,0x26058,26,2,10,小野田先生
1,0x26080,26,2,8,鬼畜美英
1,0x260AC,30,2,12,消音器
1,0x260D8,26,2,8,阵前逃亡
1,0x26100,26,2,10,降级
1,0x2612C,26,2,8,NANPAO
1,0x26154,26,2,8,靖国神社
1,0x28708,38,2,22,信（中文是这样写的）
1,0x2873C,22,2,4,脱线
1,0x28760,34,1,18,营团地下铁日比谷线
1,0x28780,22,2,4,盗窃
1,0x287A8,30,1,13,"步,鲷鱼烧"
1,0x287C4,26,2,8,自我厌恶
1,0x287EC,34,1,17,"碇真嗣,相叶昴治"
1,0x2880C,22,2,4,脆
1,0x28830,34,1,16,铜头锄
1,0x28850,26,2,8,情状酌量
1,0x2887C,26,1,8,安浦刑警
1,0x28894,22,2,4,薄
1,0x288B8,30,1,13,"多边形,秃头"
1,0x288D4,22,2,4,疼
1,0x288F8,66,1,51,"胖子,丑女,-,科乐美,-,高桥克典,织田裕二,国府田麻理子"
1,0x28938,22,2,4,冷
1,0x2895C,66,1,51,"胖子,丑女,-,科乐美,-,高桥克典,织田裕二,国府田麻理子"
1,0x2899C,22,2,6,糟糕
1,0x289C0,38,1,23,"国府田麻理子,石松葛兹"
1,0x2AFF0,23,2,4,进呈
1,0x2B018,22,1,4,美凪
1,0x2B02C,22,2,4,衰弱
1,0x2B050,22,1,7,"观铃,栞"
1,0x2B064,22,2,4,病死
1,0x2B088,22,1,7,"观铃,栞"
1,0x2B09C,30,2,14,忘记一切
1,0x2B0C8,26,1,9,"真琴,观铃"
1,0x2B0E0,26,2,8,认生
1,0x2B108,22,1,4,真琴
1,0x2B11C,22,2,6,眼镜
1,0x2B144,30,1,13,"木林,瑞穗"
1,0x2B160,22,2,4,破产
1,0x2B184,26,1,9,"世嘉,雪印"
1,0x2B19C,22,2,4,胁迫
1,0x2B1C4,30,1,13,"大桥巨泉,秋子"
1,0x2B1E0,26,2,10,视频拍摄
1,0x2B20C,22,1,4,知世
1,0x2B220,22,2,4,煽动
1,0x2B248,22,1,4,厨房
1,0x2B25C,26,2,10,视频拍摄
1,0x2D914,31,1,13,"知世,电影少女"
1,0x2D930,34,2,16,超频
1,0x2D964,26,2,10,无免许运转
1,0x2D990,26,1,8,松坂君
1,0x2D9A8,26,2,8,可恨
1,0x2D9D0,66,1,51,"胖子,丑女,-,科乐美,-,高桥克典,织田裕二,国府田麻理子"
1,0x2DA10,22,2,4,交配
1,0x2DA34,30,2,12,消波块
1,0x2DA60,34,2,18,黑板擦清洁器
1,0x2DA90,22,2,4,南极
1,0x2DAB4,22,2,6,神户牛
1,0x2DADC,22,2,4,窄
1,0x2DB00,26,1,10,小学生的阴道
1,0x2DB18,50,2,34,想当声优的普通宅女
1,0x2DB58,30,2,14,幼女全裸尸体
1,0x30290,110,1,92,"恋童癖,小学生,中学生,樱,知世,利佳,幼女全裸尸体,附着在衣服上的体液,从体内检测出的体液"
1,0x302FC,34,2,18,附着在衣服上的体液
1,0x3032C,74,1,56,"幼女全裸尸体,附着在衣服上的体液,从体内检测出的体液"
1,0x30374,38,2,22,从体内检测出的体液
1,0x303A8,110,1,92,"恋童癖,小学生,中学生,樱,知世,利佳,幼女全裸尸体,附着在衣服上的体液,从体内检测出的体液"
1,0x30414,38,2,22,快输给寂寞了而住院
1,0x30448,66,2,48,把长音符号打成「－」而不是「ー」的新手
1,0x30498,22,1,6,烦人
1,0x304AC,42,2,24,也有从接吻开始的奇迹对吧
1,0x304E4,46,1,29,"钢铁天使,胡桃,沙纪,卡琳卡"
1,0x30510,58,2,40,也有从接吻开始的奇迹对吧
1,0x30558,46,1,29,"钢铁天使,胡桃,沙纪,卡琳卡"
1,0x30584,34,2,16,眼神悲伤的狗
1,0x305B4,30,2,14,死小白的想法
1,0x305E0,22,1,4,厨房
1,0x305F4,34,2,16,天空之城拉普达
1,0x30624,22,1,6,飞行石
1,0x30638,26,2,8,新东京
1,0x32DEC,39,2,20,体内时钟都市Orloj
1,0x32E20,30,2,12,小学生的阴道口
1,0x32E4C,46,1,30,"恋童癖,小学生,中学生,樱,知世"
1,0x32E78,38,2,20,未成年人绑架监禁致伤
1,0x32EB0,22,1,4,恋童
1,0x32EC4,26,2,10,政府的阴谋
1,0x32EF0,26,2,10,Makopi语
1,0x32F18,22,1,4,真琴
1,0x32F2C,130,2,114,动画声优广播节目中有一个听众来信问道「24小时营业的便利店为什么会有卷帘门呢？」
1,0x32FBC,42,2,26,分不清全角＃和半角#的区别
1,0x32FF4,38,2,20,真新镇的小智
1,0x33028,26,1,10,皮卡丘
1,0x33040,30,2,12,蓝瑟EVO军团
1,0x3306C,42,1,26,偏时点火系统
1,0x33094,26,2,10,第17装甲板
1,0x330BC,62,2,47,the end of genesis T.M.R evolution turbo type D
1,0x35914,31,2,12,冲撞游行队
1,0x35940,38,2,22,偷偷发送用户信息
1,0x35978,46,1,28,"微软,科乐美,烦人"
1,0x359A4,38,2,23,领奶奶的养老金
1,0x359D8,38,2,20,妹妹房间的偷拍视频
1,0x35A0C,58,2,40,聪明、漂亮、温柔，却只是配角的
1,0x35A54,58,2,40,把Mukku和Gachapin合成变成Muchapin
1,0x35A9C,34,2,18,被科乐美起诉
1,0x35ACC,42,2,26,观赏妹妹房间的偷拍视频
1,0x35B04,38,2,20,代课教师秋叶真剑
1,0x35B38,30,2,14,什么都注册商标
1,0x35B64,30,1,13,"科乐美,烦人"
1,0x35B80,74,2,56,把巨人的胜利当作自己的胜利的没出息男人
1,0x38464,62,2,46,巨人队输了就会心情不好的一无是处的男人
1,0x384B0,30,2,12,红羽毛募捐
1,0x384E0,46,2,30,前职棒选手的解说员谈棒球论
1,0x3851C,58,2,40,花了70亿做的垃圾游戏「莎木」
1,0x38564,26,1,11,"世嘉,铃木裕"
1,0x3857C,42,2,24,花70亿做个垃圾游戏
1,0x385B4,26,1,11,"世嘉,铃木裕"
1,0x385CC,58,2,42,对女高中生的笨蛋拖鞋低空飞踢
1,0x38614,34,2,16,插入小学生的阴道
1,0x38648,42,1,25,"樱,知世,利佳,-,小学生"
1,0x38670,30,2,14,在Comiket卖货
1,0x3869C,26,2,10,绿发机器耳
1,0x386C4,22,1,6,多重
1,0x386D8,46,2,30,用半角假名和机种依存文字发帖
1,0x38718,22,1,4,厨房
1,0x3B038,47,2,30,为了个美少女游戏发售就通宵排队
1,0x3B074,22,1,4,厨房
1,0x3B088,34,2,16,有舞茸味的兔子
1,0x3B0B8,50,2,32,容易感冒的有舞茸味的兔子
1,0x3B0F8,38,2,20,像魔人布欧一样的女友
1,0x3B12C,30,2,14,向爱知县警告密
1,0x3B15C,38,2,22,打断2～3根颈骨
1,0x3B194,62,2,46,把京都大文字烧的右上角点着火变成犬文字烧
1,0x3B1E0,50,2,32,第二次性征期之前的刚发育的胸
1,0x3B220,34,2,16,寻找奇怪的果汁
1,0x3B250,22,1,4,观铃
1,0x3B264,38,2,20,向国县索赔
1,0x3B298,38,2,22,掀翻矮桌
1,0x3DC58,27,1,8,海原雄山
1,0x3DC70,38,2,20,觉醒杀意的波动
1,0x3DCA4,26,1,9,"秋子,佳乃"
1,0x3DCBC,38,2,20,洗尸体的兼职
1,0x3DCF0,46,2,30,把路人咔嚓咔嚓砍倒
1,0x3DD30,18,1,2,舞
1,0x3DD40,26,2,8,串起来
1,0x3DD68,22,1,4,厨房
1,0x3DD7C,34,2,18,金字塔建筑商
1,0x3DDAC,42,2,26,不知道反省自己
1,0x3DDE4,26,1,8,饭野贤治
1,0x3DDFC,34,2,16,引发癫痫
1,0x3DE2C,50,1,33,"皮卡丘,多边形,十万伏特"
1,0x3DE5C,26,2,10,放射线被曝
1,0x3DE84,30,2,13,检测到MOD芯片
1,0x3DEB0,26,2,10,挂科
1,0x3DED8,38,2,22,契约之元樱命令
1,0x4091C,30,2,14,反射加倍奉还
1,0x4094C,34,2,16,随时加速
1,0x4097C,38,2,22,下跪道歉
1,0x409B4,26,2,10,直接写Tab
1,0x409E0,30,2,14,展示虚假知识
1,0x40A10,26,1,8,山崎君
1,0x40A28,26,2,9,0距离射击
1,0x40A54,46,1,28,法修·斯坦皮特
1,0x40A80,34,2,16,连按呼叫铃
1,0x40AB0,26,2,10,笑着杀人
1,0x40AD8,34,1,19,"雅史酱,大桥巨泉"
1,0x40AF8,26,2,10,革命世界
1,0x40B20,42,2,24,从第5第6区块进水
1,0x435E4,27,2,8,使徒来袭
1,0x4360C,34,2,16,展开AT力场
1,0x4363C,42,1,24,"碇真嗣,绫波丽,初号机"
1,0x43664,34,2,16,美好的Something
1,0x43694,34,2,18,在传说之树下告白
1,0x436C8,30,2,14,入侵科威特
1,0x436F4,34,2,18,写卖不出去的小说
1,0x43724,26,1,8,雾间诚一
1,0x4373C,34,2,16,尽全力努力
1,0x4376C,30,2,15,用Iria下2GB
1,0x43798,42,2,24,用触击打出本垒打
1,0x437D0,30,2,12,送枪手
1,0x43800,42,2,27,深夜0点倒计时贩卖
1,0x46344,27,2,10,切断韧带
1,0x4636C,46,2,30,不产生蛀牙原因的酸
1,0x463A8,38,2,20,不过夜的钱不攒
1,0x463DC,66,2,48,只有Jump才能读到鸟山明老师漫画的态度
1,0x4642C,34,2,18,德川埋藏金发掘失败
1,0x4645C,26,1,8,丝井重里
1,0x46474,38,2,22,在秋叶原卖盗版CD
1,0x464A8,30,2,14,往伤口上撒盐
1,0x464D4,26,2,8,用棍子打
1,0x46500,22,1,4,福留
1,0x46514,34,2,16,斜插卡带
1,0x46548,26,2,8,肺转移
1,0x46570,38,2,22,左涡轮机枪射击
1,0x46594,30,2,14,廉价正义感
1,0x465B0,38,2,20,没用的走光很多
1,0x465E4,30,1,15,"变态色狼,桂正和"
1,0x46600,30,2,12,处理腋毛
1,0x4662C,50,2,32,在事件场景中暴露画功低下
1,0x4666C,30,2,12,去码
1,0x46698,46,2,28,没什么意义地乱刷论坛
1,0x466D4,22,1,4,厨房
1,0x466E8,86,2,68,说着「不是洋式马桶我不要！」一边用锤子砸坏和式马桶
1,0x4674C,34,2,18,不可蹲防
1,0x4677C,38,2,20,非法入境缅甸
1,0x467B0,34,2,16,在彻子房间打架
1,0x49134,42,2,24,被拒绝近身束缚而大怒
1,0x49170,38,2,20,复制恋童视频
1,0x491A4,82,2,64,好不容易搞到手的恋童视频却是软核而大怒
1,0x49204,38,2,20,太过真实笑不出来
1,0x49238,30,2,14,进不到深处
1,0x49264,62,1,44,"小学生,小学生的阴道,无毛,飞机场,第二次性征前"
1,0x492A0,58,2,40,讲述体育会系教师特有的没有根据的精神论
1,0x492EC,38,2,20,以为哭了就行
1,0x49320,26,2,10,睡梦中吐了
1,0x49348,34,2,16,春天和夏天在一起
1,0x49378,30,2,12,瞳孔放大
1,0x4BFB0,43,2,26,挥舞廉价正义感
1,0x4EC88,35,2,16,袭击运钞车
1,0x4ECB8,42,2,24,和垃圾游戏捆绑销售
1,0x4ECF0,54,2,38,一出场就领盒饭的客串角色
1,0x4ED38,46,2,30,热情演唱Hello Sofmap World
1,0x4ED74,34,2,18,传说中的摇滚乐队
1,0x4EDA4,54,2,36,吃光系统资源后关闭
1,0x4EDE8,30,2,12,无萌点的垃圾
1,0x4EE18,46,2,30,改存档改flag
1,0x4EE54,42,2,24,被蛲虫检查查出来
1,0x4EE8C,42,2,24,养殖高级恶魔
1,0x4EEC4,26,2,10,在墓地摔倒
1,0x51BF8,34,2,19,电击系RPG小说的想法
1,0x51C2C,38,2,22,输给压力上吊
1,0x51C60,30,2,12,马·克贝的壶
1,0x51C8C,34,2,19,减色为8位色彩
1,0x51CBC,26,2,10,杀害猫咪
1,0x51CE4,46,2,30,提取皮肤位图
1,0x51D20,62,2,44,涌向Cut a dash把旁边展位的桌子砸烂
1,0x51D6C,46,2,30,抢购限定商品在YA转卖
1,0x51DA8,34,2,16,抱着抱枕自慰
1,0x51DD8,42,2,26,撞豆腐角死亡
1,0x54B9C,51,2,32,在燃烧的老家前呆立
1,0x54BDC,38,2,20,在燃烧的老家烤栗子
1,0x54C10,38,2,22,大象即死药
1,0x54C44,78,2,62,虽然会说「好吃」但完全不会出现「有趣」这个评价的歌丸梗
1,0x54CA4,90,2,75,因为5天没自慰就莫名觉得自己变得了不起的男人
1,0x54D0C,58,2,41,为了抠立绘而找Susie插件
1,0x54D54,26,2,10,牛奶抹布
1,0x54D7C,42,2,24,榎本加奈子的减肥方式态度
1,0x54DB4,26,2,9,3DO的发想
1,0x54DE0,46,2,30,超巨大彩色小鸡销售商森本
1,0x54E1C,54,2,36,把剩下的洗发水兑水用
1,0x57C6C,31,2,12,摔碎膝盖骨
1,0x57C98,46,2,28,北至北海道南至冲绳的想法
1,0x57CD8,50,2,33,在雅虎拍卖每分钟刷新高价
1,0x57D18,38,2,22,到处撒放射性物质
1,0x57D4C,30,1,14,"JCO,哆啦A梦"
1,0x57D68,82,2,66,请著名声优来却让人僵站着模仿角色的电视节目的想法
1,0x57DCC,58,2,42,为杰尼斯系偶像拼命的犯罪性丑女
1,0x57E18,30,2,14,包皮手术失败
1,0x57E44,50,2,32,被人说「丑女」就会大怒的丑女
1,0x57E88,30,2,12,烂掉的橘子
1,0x57EB8,70,2,54,以为把开衫围在脖子上就是业内人凭证的男人
1,0x57F10,54,2,39,魔卡少女樱第三部的氛围
1,0x5ADE0,62,2,46,指出对方的小错就以为自己赢了
1,0x5AE2C,70,2,54,指出对方的小错就以为自己赢了的男人
1,0x5AE84,26,2,10,切腹失败
1,0x5AEAC,46,2,30,踢丑女积攒能量
1,0x5AEE8,38,2,20,打扰野狗交配
1,0x5AF1C,30,2,12,荒川区民会馆
1,0x5AF48,26,2,10,避孕失败
1,0x5AF70,50,2,34,去给大社团上贡作品
1,0x5AFB0,70,2,52,去给大社团上贡作品的中坚社团的想法
1,0x5B008,22,2,6,安CD-R
1,0x5DF38,71,2,52,说「不用加热了对吧？」的便利店店员
1,0x5DF8C,54,2,36,没干劲也有个度的便利店店员
1,0x5DFD0,50,2,32,把便当竖着放的便利店店员
1,0x5E010,38,2,20,玩太多导致色素沉着
1,0x5E044,26,2,10,惊动警察
1,0x5E06C,46,2,31,在雅虎拍卖转卖散装货
1,0x5E0A8,46,2,29,猫倍丽金装精选鲣鱼85g
1,0x5E0E4,46,2,29,猫倍丽金装精选金枪鱼85g
1,0x5E120,46,2,29,猫倍丽金装精选白身鱼85g
1,0x5E15C,26,2,9,希宝Duo
1,0x5E184,30,2,14,猫倍丽干粮
1,0x6113C,39,2,20,伟嘉Brekkies
1,0x61170,34,2,18,宝路Chum
1,0x611A0,34,2,16,特制肉馅
1,0x611D0,38,2,20,回归你应有的姿态
1,0x61204,42,2,27,搞错了什么的KONISHIKI
1,0x6123C,66,1,50,滨崎步的强行角色设定看不下去
1,0x6127C,46,2,30,胜利之前不奢求的想法
1,0x612BC,26,2,10,杯水车薪
1,0x612E4,38,2,22,用霰弹枪精密射击
1,0x6131C,26,1,8,大门团长
1,0x61334,42,2,26,结成团伙袭击刚田商店
1,0x6136C,26,1,10,哆啦A梦
1,0x61384,34,2,16,含木糖醇
1,0x613B8,34,2,18,含牛磺酸1000mg
1,0x643F8,34,2,16,奉子成婚
1,0x64428,30,2,14,匿名过敏
1,0x64454,22,1,6,久米宏
1,0x64468,82,2,64,请使用本名或改编本名的网名才好的态度
1,0x644C8,46,2,28,藤黄果饮食法
1,0x64504,42,2,24,容易陷入安慰剂效应
1,0x6453C,30,2,13,电击系RPG小说
1,0x64568,38,2,21,电击G's杂志的生意方式
1,0x645A0,34,2,18,笑笑也好的客人感性
1,0x645D0,54,2,36,把江角真纪子夸成大美人的丑女
1,0x64614,66,2,50,滨崎步的强行角色设定看不下去
1,0x64664,154,1,138,"国府田麻理子,高桥克典,-,搞错了什么的KONISHIKI,想当声优的普通宅女,一上综艺就暴露出无能本色D级偶像"
1,0x67788,47,2,30,囤积摊位券
1,0x677C4,58,2,41,在雅虎拍卖转卖摊位券
1,0x6780C,46,2,30,被机器人安慰的废柴多重
1,0x67848,62,2,46,明明没人拜托却发表美少女游戏个人排名
1,0x67894,34,2,16,一次又一次
1,0x678C4,58,2,40,以为是热水结果出来的是冷水而闷绝
1,0x6790C,38,2,20,被年糕噎死
1,0x67940,42,2,24,被年糕噎死的老人
1,0x67978,26,2,10,逆行单行道
1,0x679A0,34,2,18,过充电弄坏电池
1,0x679D0,42,2,24,用手刀破坏手机
1,0x6AB14,63,2,46,一直立在书架上只有上部变了色的书
1,0x6AB60,38,2,23,连续6次扔垃圾失败
1,0x6AB94,38,2,20,煮鸡蛋先生般的画功
1,0x6ABC8,26,1,8,至绘
1,0x6ABE0,26,2,8,至绘
1,0x6AC0C,46,1,31,"樋上至,煮鸡蛋先生般的画功"
1,0x6AC38,38,2,20,咬苹果咬出血
1,0x6AC6C,58,2,40,穿着暴露但没用的铠甲的女战士
1,0x6ACB4,34,2,19,预定调和的清淡RPG
1,0x6ACE8,34,2,16,瞳孔扩散中
1,0x6AD18,58,2,40,永远也涨不了价的限定Zippo
1,0x6AD60,70,2,55,说是多结局其实只在最后选项二分岐
1,0x6ADB4,78,2,63,说是多结局其实只在最后选项二分岐的游戏
1,0x6DF9C,50,2,32,完全没有必要设为18禁的色情游戏
1,0x6DFDC,26,2,8,心胸狭窄
1,0x6E004,54,2,38,前作卖得不好还扬言要做续作
1,0x6E048,22,1,6,铃木裕
1,0x6E05C,54,2,38,床底下的黄书某天突然消失
1,0x6E0A0,126,2,110,铃铛猫娘设定上是10岁，本公司认为铃铛猫娘不适合作性表现·描写
1,0x6E130,22,1,6,数码子
1,0x6E144,42,2,26,不加区别地挖角
1,0x6E17C,26,1,10,史克威尔
1,0x6E194,46,2,30,倾心大作主义导致利润率恶化
1,0x6E1D0,26,1,10,史克威尔
1,0x6E1E8,38,2,22,终极疗法
1,0x6E220,26,2,10,兔子腿
1,0x6E248,58,2,40,像被用粉笔画出尸体形状一样的死法
1,0x7149C,39,2,20,没有名字的怪物
1,0x714D4,46,2,30,和周刊故事乐园一样有趣
1,0x71510,74,2,56,FM DJ特有的「帅气的我们不会拉屎」的态度
1,0x71568,38,2,20,在立食荞麦面店里骨折
1,0x7159C,70,2,52,得意地评论最终幻想是垃圾游戏
1,0x715F0,30,1,13,"厨房,死小白"
1,0x7160C,42,2,24,靠直觉混过视力检查
1,0x71644,74,2,56,只会对别人做的东西抱怨自己却什么也做不出来
1,0x7169C,74,2,58,只会抱怨别人做的东西自己却什么也做不出来的男人
1,0x716F4,34,2,16,回收列宁像
1,0x71724,26,2,10,屁股打击
1,0x71750,34,2,18,拼命藏乳头
1,0x71790,34,2,16,搞错了什么
1,0x717C0,38,2,20,不停地后退
1,0x717F4,46,2,28,莉莉丝创造的文化极致
1,0x71830,26,1,8,绫波丽
1,0x71848,30,2,12,从背后刺
1,0x71878,34,1,19,"藤田诚,中村主水"
1,0x71898,58,2,42,对Great Chicken Powers的小品爆笑的观众
1,0x718E0,62,2,44,对Great Chicken Powers的小品爆笑的感性
1,0x7192C,42,2,24,对V6的小品爆笑的丑女
1,0x71968,46,2,30,对V6的小品爆笑的丑女的感性
1,0x719A4,54,2,38,用加减法优化内存的想法
1,0x719E8,94,2,78,被叫「视觉系」而发怒在录制中擅自回去的彩虹乐团的想法
1,0x74A0C,47,2,28,为了看色情DVD买PS2
1,0x74A48,78,2,60,办了生前葬礼之后病情却渐渐好转的老人
1,0x74AA4,34,2,18,让人没胃口的脸
1,0x74AC4,22,2,5,=丑女
1,0x74AD8,46,2,30,以社会正义为名采访嫌疑人父亲
1,0x74B14,54,2,36,以社会正义为名采访嫌疑人父亲的女人
1,0x74B5C,70,2,54,翻出旧文集就以为掌握了事件的原因
1,0x74BB0,26,1,8,有田芳生
1,0x74BC8,66,2,51,一上综艺就暴露出无能本色D级偶像
1,0x74C1C,34,2,16,抛硬币失败
1,0x74C4C,38,2,20,被光学迷彩了会很麻烦
1,0x74C80,42,2,24,SMAP中森君的立场
1,0x74CB8,54,2,38,演艺界中肯特·德里科特的立场
1,0x78078,55,2,36,"""我方主唱，以外全部招募""的想法"
1,0x780C0,86,2,71,"""来做像Kanon一样的游戏吧。我方程序员，其他全部招募""的想法"
1,0x78128,58,2,40,命令PK对象「好好角色扮演」
1,0x78170,30,2,12,差一点就起诉
1,0x7819C,34,2,18,上上下下左右左右BA
1,0x781D0,46,2,28,2P手柄麦克风上写着「HUDSON」
1,0x7820C,62,2,46,骑妈妈自行车上台阶失败摔倒的主妇
1,0x78258,74,2,56,上了综艺节目也完全不做热场努力的力士
1,0x782B4,66,2,51,一把年纪了还只会用二元论思考问题的蠢货
1,0x78308,74,2,58,拼命检查卡拉OK新曲除此之外一无是处的丑女
1,0x78364,86,2,68,在卡拉OK让别人听自己唱歌来炫耀自己的丑女
1,0x7B7D8,83,2,66,在卡拉OK让别人听自己唱歌来炫耀自己的男人
1,0x7B828,86,2,69,=在卡拉OK让别人听自己唱歌来炫耀自己的丑女
1,0x7B87C,138,2,120,一边说着「好可爱～」一边喂猴子结果猴子没拿右手的零食而是抢走左手的零食盒吓得快哭出来的丑女
1,0x7B918,54,2,36,给宇宙用MS装脚的想法
1,0x7B960,130,2,114,忍不住恋童冲动让带回来的女人剃了阴毛却喊着「不行，是假的！」全裸冲进大厅的男人
1,0x7B9F4,74,2,58,靠时尚吃饭但本质没什么特别的渡边满里奈
1,0x7BA4C,102,2,84,以「时尚领袖」为名煽动蠢货买没用的东西的滨崎步
1,0x7BAC0,42,2,26,靠卖色情同人志生活
1,0x7BAF8,26,2,10,中古车查定
1,0x7BB24,34,2,18,无限接近正圆
1,0x7BB54,106,2,89,明明说了3次「别涮拿犹他州开涮～」却依然被拿犹他州开涮时的德里科特
1,0x7BBD0,30,2,14,欧西里斯综合征
1,0x7F088,30,2,14,没高潮没结局
1,0x7F0B4,26,2,8,人事肃正
1,0x7F0E0,58,2,40,和驾校教练扭打
1,0x7F128,26,2,10,气象预报师
1,0x7F150,62,2,44,动画声优广播节目来的无聊笑话明信片
1,0x7F19C,114,2,98,必须把自己广播节目里来的完全不有趣的笑话明信片读得像很有趣一样的动画声优的立场
1,0x7F21C,34,2,17,三餐都吃美味棒
1,0x7F24C,42,2,24,漫画啦琳塔啦有趣琳
1,0x7F284,62,2,47,把架子鼓扔坏之后又去捡回来的YOSHIKI
1,0x7F2D0,74,2,59,辞去力士后依然不做热场努力的KONISHIKI
1,0x82834,67,2,50,要退出练习模式只能重启
1,0x82884,46,2,28,比起橘子更喜欢橘子味的态度
1,0x828C0,30,2,14,总制作费40亿圆
1,0x828EC,34,2,16,一碰就软趴趴
1,0x8291C,38,2,20,刚蜕皮的螯虾
1,0x82950,34,2,16,刻坏的CD-R
1,0x82980,46,2,30,用刻坏的CD-R假装牙医
1,0x829BC,46,2,28,演艺界中山濑麻美的立场
1,0x829F8,46,2,28,演艺界中地井武夫的立场
1,0x82A34,46,2,28,演艺界中中山秀行的立场
1,0x82A70,42,2,26,秋茄子别给媳妇吃的想法
1,0x86038,31,2,14,对空性能高
1,0x86064,30,2,14,谢绝生客
1,0x86090,42,2,26,在应酬高尔夫中大胜
1,0x860C8,38,2,20,睡觉时是全裸派
1,0x860FC,46,2,28,空调坏了反而对老婆发火
1,0x86138,50,2,34,在打击中心被球砸
1,0x86178,62,2,46,说着「分不清现实和虚拟」的老人
1,0x861C4,34,2,16,孤身刑警纯情派
1,0x861F4,30,2,12,铁轨放石头
1,0x86220,42,2,24,进行精神动摇
1,0x8625C,58,2,42,靠着I've的音乐给没啥卖点的黄游救场的想法
1,0x898B4,38,2,22,经济舱综合症
1,0x898E8,62,2,44,日语Eurobeat特有的说不出的违和感
1,0x89934,42,2,24,归国子女特有的那种讨厌感
1,0x8996C,46,2,28,瞒着家人玩美少女游戏
1,0x899A8,38,2,20,不插入的恋童视频
1,0x899DC,38,2,20,半吊子的恋童视频
1,0x89A00,38,2,21,=不插入的恋童视频
1,0x89A24,46,2,28,没有摄影师的恋童视频
1,0x89A50,38,2,21,=不插入的恋童视频
1,0x89A74,26,2,10,装傻到底
1,0x89A9C,50,2,34,被冲上岸边的可怜的鲸鱼
1,0x89AE0,38,2,22,秋叶原电脑组的想法
1,0x8D1A4,47,2,30,把院子里的花改造成食人花
1,0x8D1E0,34,2,18,做得好的形象俱乐部
1,0x8D210,30,2,14,勃艮第风
1,0x8D23C,38,2,20,美味棒浓汤味
1,0x8D270,30,2,14,美味棒明太味
1,0x8D29C,34,2,16,美味棒芝士味
1,0x8D2CC,34,2,18,美味棒章鱼烧味
1,0x8D2FC,38,2,20,美味棒蔬菜沙拉味
1,0x8D330,42,2,26,美味棒照烧汉堡味
1,0x8D368,34,2,16,美味棒萨拉米味
1,0x8D398,42,2,24,美味棒炸猪排酱味
1,0x90ADC,31,2,14,美味棒披萨味
1,0x90B08,30,2,14,美味棒纳豆味
1,0x90B34,34,2,16,美味棒可可味
1,0x90B64,34,2,18,美味棒鱿鱼丝味
1,0x90B94,34,2,16,美味棒巧克力味
1,0x90BC4,30,2,14,物质化
1,0x90BF4,38,2,20,乙太涂层
1,0x90C2C,30,2,12,重复发帖
1,0x90C5C,34,2,18,关节破坏
1,0x90C8C,26,2,10,解散总选举
1,0x90CB4,26,2,10,内阁总辞职
1,0x90CCC,50,2,34,进100台就有5台有初期故障
1,0x90D14,26,2,9,SOTEC电脑
1,0x90D3C,50,1,34,进100台就有5台有初期故障
1,0x90D6C,54,2,38,觉得涂红了就都是夏亚专用的
1,0x90DB0,38,2,22,ls一下就核心转储
1,0x90DE4,38,2,20,莫名觉得色色的
1,0x90E18,42,2,24,经不起特写的脸
1,0x94468,22,2,6,空降
1,0x94490,22,2,6,守钱奴
1,0x944B8,58,2,40,把系统提示音设成国府田麻理子的声音
1,0x94500,34,2,18,会心一击
1,0x94530,26,2,10,战术撤退
1,0x94558,26,2,8,诸行无常
1,0x94580,26,2,8,色即是空
1,0x945A8,38,2,20,渐渐变白
1,0x945DC,26,2,10,核心转储
1,0x94604,50,2,32,后悔当初应该申请专利
1,0x97E50,39,2,20,灵魂被重力牵引
1,0x97E84,54,2,36,用牛步战术阻碍ADSL新兴企业加入
1,0x97EC8,22,1,6,黑社会
1,0x97EDC,50,2,32,通过暗箱操作从Acquire夺取天诛
1,0x97F1C,22,1,6,黑社会
1,0x97F30,50,2,35,通过暗箱操作从Acquire夺取天诛的SME
1,0x97F70,22,1,6,黑社会
1,0x97F84,58,2,43,用牛步战术阻碍ADSL新兴企业加入的NTT
1,0x97FCC,22,1,6,黑社会
1,0x9B87C,51,2,32,没有橘子汁也能看破隐形文字
1,0x9B8BC,30,2,12,便利店抢劫
1,0x9B8E8,30,2,14,Volta商店
1,0x9B914,26,2,10,坎特寺院
1,0x9B93C,86,2,68,抄袭别人的图猛加滤镜当自己社团的刊头
1,0x9B9A0,30,2,12,钓乌贼渔船
1,0x9B9CC,34,2,18,鱼死掉一样的眼睛
1,0x9B9FC,42,2,26,捅破小学生处女膜的机器
1,0x9BA34,70,2,52,木村拓哉喜欢的动画就不宅的态度
1,0x9BA88,46,2,28,"""唱歌的VOCABULA天国""的想法"
1,0x9BAC4,66,2,48,只为给「变身」赋予科学妥当性的双重人格
1,0x9F420,30,2,14,反町的危险的歌
1,0x9F44C,42,2,26,有深刻问题的不上学儿童
1,0x9F484,26,2,10,日光木偶
1,0x9F4AC,46,2,28,不停地把头撞向家里的柱子
1,0x9F4E8,30,2,12,个人房间
1,0x9F514,62,2,45,弄丢了刚买的3个月定期票而茫然若失
1,0x9F560,26,2,10,吐核心
1,0x9F58C,54,2,36,花大钱做垃圾游戏的SQUARE
1,0x9F5D0,22,1,6,黑社会
1,0x9F5E4,90,2,74,不顾羞耻挖角却还是做出挺垃圾游戏的SQUARE
1,0x9F64C,22,1,6,黑社会
1,0x9F660,50,2,32,和长泽美树的唱功一样不能接受
1,0xA302C,47,2,30,声优业界中小西宽子的立场
1,0xA3068,34,2,16,素描走形了
1,0xA3098,30,2,12,肩膀太窄了
1,0xA30C4,34,2,16,洗尸体兼职
1,0xA30F4,62,2,46,只用普通跳跃通关头脑战舰Garu的会
1,0xA3140,30,2,12,头脑战舰Garu
1,0xA316C,66,2,50,因为五目羊栖菜便当里没有放梅干而大怒
1,0xA31BC,22,2,6,原田屋
1,0xA31E0,30,2,12,第三部门
1,0xA320C,62,2,44,和WinBee国民偶像化计划一样不靠谱
1,0xA3258,70,2,52,无论在什么舞台致辞环节都格格不入的国府田麻理子
1,0xA329C,30,2,13,=国府田麻理子
1,0xA6CC4,43,2,24,和2000日元纸币一样没用
1,0xA6CFC,42,2,27,和新500日元硬币一样没用
1,0xA6D34,34,2,16,比AV女优还丑
1,0xA6D64,58,2,40,感觉会被在推荐信上写「没有协调性」
1,0xA6DAC,26,1,8,高桥克典
1,0xA6DC4,54,2,37,在知名画师的BBS上写自己日记的蠢货
1,0xA6E0C,74,2,59,描了323的线但无论怎么看都是劣化拷贝的画师
1,0xA6E64,38,2,20,在神户屋买橘子
1,0xA6E98,22,2,6,田舍侍
1,0xA6EC0,78,2,62,完全搞不懂到底为了什么而发售的Family BASIC
1,0xA6F1C,30,2,12,赤堀脚本
1,0xA6F4C,34,2,16,搅拌脑浆
1,0xAAA08,38,2,22,搅拌脑浆的想法
1,0xAAA40,54,2,36,和都营大江户线与哆啦A梦一样没关系
1,0xAAA84,34,2,18,箱根雕刻之森美术馆
1,0xAAAB8,46,2,28,奇装异服是丑女的借口
1,0xAAAF4,26,2,10,浓郁粘稠
1,0xAAB1C,46,2,28,和金田一少年的推理一样不自然
1,0xAAB58,30,2,12,肉之花正
1,0xAAB84,50,2,32,和Gamers的咖啡厅一样没干劲
1,0xAABC4,98,2,82,靠电波少年的特殊生活一时有人气但根本没什么才艺所以火不起来的艺人
1,0xAAC34,106,2,88,靠电波少年的特殊生活一时有人气但根本没什么才艺所以火不起来的艺人的想法
1,0xAE7BC,139,2,120,对搞笑节目的段子评论「品格」「考虑」，不清楚在逗笑别人方面有什么能力的富士电视台董事
1,0xAE854,90,2,72,在报纸读者投稿栏里装作批判社会其实没什么长处老人
1,0xAE8C0,26,2,10,盲牌完美
1,0xAE8E8,30,2,12,如同儿戏
1,0xAE914,34,2,18,魔卡少女棒
1,0xAE944,46,1,28,"樱,知世,魔卡少女"
1,0xAE970,62,2,45,试图用假处分命令对抗2ch的日本生命
1,0xAE9BC,30,1,12,如同儿戏
1,0xAE9D8,50,2,35,和AIR中说的佳乃一样没人气
1,0xAEA18,26,2,8,透写台
1,0xAEA40,54,2,36,有干劲但是实力跟不上
1,0xAEA84,22,2,4,珍味
1,0xAEAA8,26,2,8,跑题
1,0xB265C,27,2,10,猿岩石以下
1,0xB2684,26,2,10,麻理姐以下
1,0xB26AC,26,2,10,希望之岛
1,0xB26D4,30,1,14,不是闹着玩的
1,0xB26F0,30,2,14,不是闹着玩的
1,0xB271C,26,1,10,希望之岛
1,0xB2734,26,2,10,克隆牛
1,0xB2760,38,2,20,Dynamic Daikuma
1,0xB2794,34,2,16,瓶子攻击者
1,0xB27CC,34,2,16,恩格尔系数高
1,0xB27FC,38,2,22,妹妹公主级画功
1,0xB2830,46,2,30,和妹妹公主动画一样没干劲
1,0xB286C,26,2,10,社会底层
1,0xB64A0,30,2,12,柏青哥贵族
1,0xB64CC,34,2,16,感觉会被警察盘问
1,0xB64FC,34,2,16,像钢坦克
1,0xB652C,46,2,28,禁止逆向工程
1,0xB6568,42,2,24,逆向工程
1,0xB65A4,90,2,74,和史蒂文·西格尔饰演的沉默系列的男主的设定一样扯
1,0xB660C,26,2,8,高速大巴
1,0xB6634,34,2,18,违反华盛顿公约
1,0xB6664,38,2,20,可用微波炉加热
1,0xB6698,34,2,18,纸粘土做的花瓶
1,0xBA354,55,2,38,和金八老师的说教一样没有说服力
1,0xBA398,30,2,14,感觉怕紫外线
1,0xBA3C4,50,2,32,和释由美子的CD一样听不下去
1,0xBA404,26,2,8,核心构想
1,0xBA42C,42,2,26,和御茶水博士一样鼻子大
1,0xBA464,26,2,8,同族嫌恶
1,0xBA48C,30,2,12,搞错了什么
1,0xBA4B8,30,1,12,国府田麻理子
1,0xBA4D4,30,2,14,拖欠公共费用
1,0xBA500,34,2,18,像鱼死掉一样的眼睛
1,0xBA530,22,1,6,琉璃子
1,0xBA544,26,2,10,眼神空洞
1,0xBA56C,30,1,12,国府田麻理子
1,0xBA588,34,2,16,咳嗽也是一个人
1,0xBE2C4,39,2,22,铲站台上的口香糖
1,0xBE2F8,38,2,22,和武富士的CM一样没意义
1,0xBE32C,30,2,12,里亚斯式海岸
1,0xBE358,54,2,36,早安我的妈妈一番星君Great
1,0xBE39C,42,2,26,对回转寿司没兴趣
1,0xBE3D4,26,2,8,逆重启
1,0xBE400,30,2,14,大概一辈子单身
1,0xBE42C,58,2,40,快变成动物专家的大谷育江
1,0xBE474,46,2,28,平假名名字的少女漫画杂志
1,0xBE4B0,34,2,18,死了也没人收尸
1,0xBE4E0,26,2,10,去除锯齿
1,0xC2294,54,2,36,怎么看都不行却还硬要插入
1,0xC22C8,34,2,17,=放进拿出
1,0xC22E8,30,2,14,坡道起步失败
1,0xC2314,38,2,20,被电车门夹住
1,0xC2348,34,2,16,更新定期票失败
1,0xC2378,42,2,26,折叠伞折叠失败
1,0xC23B0,46,2,30,什么都不变什么都不加的态度
1,0xC23EC,50,2,32,练习画出普通米和糯米区别
1,0xC242C,26,2,10,产业废弃物
1,0xC2458,74,2,58,期待买来的黄书结果没那么色的绝望感
1,0xC24B4,46,2,30,说那种话的人我讨厌的态度
1,0xC62FC,27,2,10,金属球棒
1,0xC6324,70,2,52,因为靠近车站就看不到经营努力的饭馆态度
1,0xC6378,34,2,18,肥后顽固的想法
1,0xC63AC,42,2,26,在超市换价格标签
1,0xC63E4,38,2,22,色异回异次的想法
1,0xC641C,46,2,30,魔界村的第一个红飞魔
1,0xC6458,54,2,38,你干的是什么事啊山冈先生的想法
1,0xC64A0,42,2,24,舔布丁盖子背面
1,0xC64D8,46,2,28,舔酸奶盖子背面
1,0xC6514,38,2,22,有一股垃圾堆的臭味
1,0xC6548,38,2,20,反正只是被养着而已
1,0xCA408,39,2,22,忘记洗而硬住的小毛笔
1,0xCA43C,26,2,8,病了
1,0xCA464,30,1,12,国府田麻理子
1,0xCA480,66,2,50,像中学生校内广播一样的动画声优广播节目
1,0xCA4D4,34,2,16,清教徒革命
1,0xCA504,34,2,16,革命世界的力量
1,0xCA538,62,2,45,靠放任垃圾邮件赚一栋楼钱的NTT
1,0xCA584,22,1,6,黑社会
1,0xCA598,50,2,34,通过i菜单榨取流量费的NTT
1,0xCA5D8,22,1,6,黑社会
1,0xCA5EC,34,2,18,最终答案
1,0xCA61C,34,2,18,和木林一样妄想癖
1,0xCA64C,62,2,46,一把年纪了还只会说小学生级别的妄言的木林
1,0xCA698,46,2,30,勿忘珍珠港的想法
1,0xCE5E4,54,2,36,丑到周围的东西瞬间腐烂
1,0xCE62C,38,2,21,全长ISA卡
1,0xCE660,38,2,20,和Spelunker一样弱
1,0xCE694,42,2,24,和Spelunker一样虚弱体质
1,0xCE6CC,54,2,36,按着复位键的同时关机
1,0xCE710,34,2,16,吃或被吃
1,0xCE740,42,2,26,100日元2个币的机台
1,0xCE778,106,2,90,通过主张最终幻想是垃圾游戏来误以为自己眼光犀利的小角色
1,0xCE7F4,94,2,78,误以为主张最终幻想是垃圾游戏就代表自己眼光犀利
1,0xCE860,22,2,6,处女膜
1,0xD2810,51,2,34,猪熊柔脸上散发的瘴气
1,0xD2850,82,2,66,以为说点怪英语就能变得有趣的石松葛兹
1,0xD28B0,42,2,24,没干劲也有个度
1,0xD28E8,26,2,10,鸣沙海岸
1,0xD2910,90,2,72,在弄丢PSO数据方面无人能及的东京Metallic通信
1,0xD2978,30,2,14,怕直射日光
1,0xD29A4,22,2,6,不细工
1,0xD29C8,30,2,12,太丑了
1,0xD29F4,38,2,20,装悲剧女主角
1,0xD2A28,26,2,8,海饭
1,0xD2A50,26,2,8,山饭
1,0xD6A84,43,2,24,美好的宇宙船地球号的想法
1,0xD6AC0,30,2,14,破坏臭氧层
1,0xD6AEC,30,2,14,能看到死兆星
1,0xD6B18,38,2,21,和STN液晶一样反应慢
1,0xD6B4C,42,2,26,以为哭了就能解决
1,0xD6B84,46,2,28,在下行扶梯上往上跑
1,0xD6BC0,26,2,10,温州蜜橘
1,0xD6BE8,26,2,8,构思包袱
1,0xD6C10,126,2,110,随便约稿结果收到了超乎想象的差稿子但因为自己约的跪着也要登出来的同人志
1,0xD6C9C,26,2,8,烦人
1,0xD6CC4,30,2,14,Combat越前
1,0xDAD7C,34,2,18,在数据中心冻死
1,0xDADAC,54,2,36,用力盖章的冲击导致骨折
1,0xDADF0,58,2,42,想参加没被邀请的酒会的蠢货
1,0xDAE40,26,2,8,平日半额
1,0xDAE68,26,2,8,休日倍额
1,0xDAE90,54,2,38,作为征服世界的第一步袭击幼儿园巴士
1,0xDAED4,30,2,14,10周被砍
1,0xDAF00,46,2,30,如疾风般10周被砍
1,0xDAF3C,58,2,42,饿狼传说中理查德·迈耶的立场
1,0xDAF84,54,2,36,每次被连招打到就猛踹机器
1,0xDF0D4,51,2,35,开场倒地后再也站不起来死掉
1,0xDF114,54,2,36,闲着没事给电视台发投诉的老人
1,0xDF15C,50,2,34,只要自己的孙子得救就好的老人
1,0xDF1A0,86,2,70,因为太高兴第一个孙子而多管闲事被儿子夫妇嫌弃的老人
1,0xDF208,70,2,52,靠吃军粮治愈枪伤的Solid Snake
1,0xDF25C,30,2,14,河豚厨师证
1,0xDF28C,30,2,14,中小企业诊断师
1,0xDF2BC,30,2,12,锅炉技师
1,0xDF2EC,90,2,74,话虽这么说但我是外行所以请连屁眼都给我擦干净的态度
1,0xDF354,50,2,34,只能说是福笑失败的脸
1,0xDF398,30,2,12,登别Karurusu
1,0xE3554,39,2,20,世界贸易中心大楼
1,0xE3588,54,2,36,不知为何现在才玩Virtual Boy的哥哥
1,0xE35CC,46,2,30,可信度相当于稻川淳二的恐怖经历
1,0xE3608,42,2,24,把杠铃片混进竹轮里
1,0xE3640,50,2,34,把杠铃片混进竹轮里的服部老爸
1,0xE3680,50,2,32,左右眼罩位置变化的沙加特
1,0xE36C0,62,2,44,明明是警察一碰到犯人就会即死的小蜜蜂
1,0xE370C,26,2,8,胡子滨村
1,0xE3734,34,2,18,看封面买了之后后悔
1,0xE3764,26,2,10,健康Econa
1,0xE378C,50,2,32,金券市场中图书卡的立场
1,0xE37BC,90,2,75,把网上捡来的图加滤镜当社团刊头盗用的态度
1,0xE3814,78,2,60,Tab顺序一团糟用键盘无法正常操作的软件
1,0xE3874,30,2,14,黑胡子危机一发
1,0xE38A0,50,2,34,点韭菜炒肝不要韭菜的男人
1,0xE38E0,26,2,10,超大外刈
1,0xE3908,46,2,31,G高达中巴尔坎的立场
1,0xE79D8,34,2,17,坏掉的硬盘
1,0xE7A08,42,2,24,放冰箱会变硬
1,0xE7A40,30,2,12,和风品酒师
1,0xE7A70,62,2,46,没录上周刊故事乐园而大怒的姐姐
1,0xE7AC0,42,2,25,头文字D中中里的立场
1,0xE7AF8,34,2,18,其实是女版哆啦A梦
1,0xE7B28,50,2,32,宇宙空间中钢坦克的立场
1,0xE7B68,46,2,29,把「RPG」注册商标的万代
1,0xE7BA4,30,2,14,石斛兰
1,0xE7BD0,42,2,26,高达中吉姆般的存在
1,0xEBE98,39,2,21,连续两周播总集篇
1,0xEBECC,46,2,31,就跟连续两周播总集篇一样
1,0xEBF08,50,2,34,像去那美克星的悟空一样的状态
1,0xEBF48,42,2,24,像卡缪老爹一样的家伙
1,0xEBF84,86,2,69,把网上捡来的好看图片加滤镜盗用为社团刊头
2,0x0,67,2,51,运行了3年、从被啃过的耳朵附近开始生锈的哆啦A梦
2,0x54,54,2,36,读取坏道时那种特有的声音
2,0x98,70,2,52,为了稀有道具日复一日虐杀杂鱼的男人
2,0xF0,130,2,112,为了稀有道具日复一日虐杀杂鱼、终于拿到稀有但总觉得被周围人疏远的男人
2,0x184,82,2,64,断言软件卖不好是因为用户没眼光的饭野贤治
2,0x1E4,42,1,26,不懂得反省自己
2,0x20C,30,2,13,打扮3小时
2,0x23C,66,2,48,怎么看他都只能说是劲敌或尼莫一样的人物
2,0x290,30,2,12,半偏移攻击
2,0x2C0,58,2,40,不保存原稿直接合并图层覆盖
2,0x308,78,2,60,跟不保存原稿直接合并图层覆盖时一样悲伤
2,0x364,34,2,16,吉翁残党狩猎
2,0x4720,26,2,10,吉翁公国
2,0x4748,62,2,46,在1999年之前靠诺查丹玛斯吃饭的家伙
2,0x4798,42,2,24,什么都注册商标的科乐美
2,0x47D0,50,2,32,逮着什么就注册什么的科乐美
2,0x4810,86,2,70,明明和高达毫无关系却把「白色基地」注册商标的科乐美
2,0x4874,86,2,68,以「为了正确进行权利保护」为由试图逮着什么就独占什么的科乐美
2,0x48D8,250,2,232,掌握棒球游戏制作全部权限后嘴上说「权利只是为保护而取得、会向各公司提供分许可」同时对「不配合的企业不给分许可」搞双重标准、归根结底是舔我屁股就对了这种想法的科乐美
2,0x49E0,30,2,14,海辛机关
2,0x4A0C,34,2,16,伊斯卡里奥机关
2,0x4A3C,30,2,14,NASA开发的
2,0x8E74,27,2,10,没中的马票
2,0x8E9C,82,2,66,搞不清是爱拯救地球还是单纯综艺的24小时电视
2,0x8EFC,26,2,8,Hotopu
2,0x8F24,34,2,16,脑子笨的体育老师
2,0x8F58,58,2,40,把学生错当成部下的体育老师
2,0x8FA4,78,2,60,以为大声吼就能解决一切的体育老师
2,0x9008,34,2,16,罗姆菲拉财团
2,0x9038,42,2,24,因缺氧坏掉的老爸
2,0x9074,66,2,50,对夜市炒面怒吼「难吃」的海原雄山
2,0x90C4,34,2,16,人工新人类
2,0x90F8,70,2,52,只当了一天署长就不明不白被传被捕的高桥名人
2,0xD5D8,91,2,74,明明只是个销售却被捧成名人名人结果在公司待不下去的高桥名人
2,0xD640,62,2,46,听到优美的歌就会被鼓舞那么丑
2,0xD68C,62,2,46,奶奶带来的完全不想要的玩具
2,0xD6D8,58,2,42,奶奶给的完全不好吃的廉价零食
2,0xD720,26,2,10,盐腌房产
2,0xD74C,26,2,10,偷零钱
2,0xD774,34,2,18,Hyper Neo Geo 64
2,0xD7A4,46,2,28,跟Hyper Neo Geo 64一样脑子笨
2,0xD7E0,34,2,18,跟Neo Geo CD一样慢
2,0xD810,50,2,32,跟Neo Geo CD的猴子一样不愉快
2,0xD850,46,2,30,同一件事说个没完的老人
2,0x11D9C,22,2,7,B型肝炎
2,0x11DC0,46,2,28,对他人燃起异常敌意的丑女
2,0x11E00,26,2,11,没有Z轴的画
2,0x11E28,38,2,20,驱猫塑料瓶
2,0x11E5C,34,2,18,投一枚硬币
2,0x11E90,30,2,12,游戏结束
2,0x11EBC,34,2,18,幻想中的好朋友团体
2,0x11EF8,38,2,20,不会作曲却写词
2,0x11F2C,42,2,26,不会作曲却写词的男人
2,0x11F68,74,2,58,跟Family BASIC的备份开关位置一样蠢
2,0x1654C,35,2,18,滚动开关
2,0x1657C,30,2,14,无名的超级战士
2,0x165AC,42,2,24,磁盘驱动器的皮带
2,0x16610,46,2,28,咬苹果就会流鼻血的老爸
2,0x1664C,26,2,8,隐藏金山
2,0x16674,26,2,8,神之一手
2,0x166A0,90,2,74,塞满了会员卡积分卡等无关紧要卡片的中学生的钱包
2,0x16708,26,2,8,退稿明信片
2,0x16730,30,2,12,退稿明信片山
2,0x1675C,30,2,14,伪姆明方式
2,0x1AD94,51,2,35,跟飞行的高达B部件一样傻
2,0x1ADD4,30,2,12,阿克西斯舰队
2,0x1AE04,58,2,42,用一根手指键盘滴答打字的大蠢蛋
2,0x1AE50,86,2,70,用三根手指打字还以为「自己够快了」的大蠢蛋
2,0x1AEB8,30,2,12,Dayomon星人
2,0x1AEE8,50,2,34,以为用Dayomon腔说话就行了
2,0x1AF28,42,2,26,用坦克碾死学生的人民军
2,0x1AF64,50,2,33,打开闲置两个月的冰箱的勇气
2,0x1AFA4,30,2,12,威廉二世胡
2,0x1AFD4,118,2,102,因为时间自由导致网游玩时间分配失控、除了「困了」以外找不到停手时机的男人
2,0x1B05C,54,2,36,除了吃饭睡觉整天玩网游的男人
2,0x1F730,54,2,38,放着不管就会一整天玩网游的男人
2,0x1F778,30,2,14,被偷的坐垫
2,0x1F7A4,90,2,72,菜单上「果汁」写成「果什」的老太太经营的大阪烧店
2,0x1F80C,30,2,14,面包的士
2,0x1F838,26,2,10,错觉画风
2,0x1F860,38,2,20,拼命哥伦布
2,0x1F89C,26,1,8,大蠢蛋
2,0x1F8B4,38,2,20,旋转式的寿司
2,0x1F8E8,82,2,64,栖息在黄游卖场、外貌已经只能用暴力来形容的大死胖子
2,0x1F94C,38,2,20,主观臆断严重的丑女
2,0x1F984,42,2,26,跟提坦斯一样讨厌的军队
2,0x24248,35,2,18,不可原谅的Reflection
2,0x2427C,34,2,18,跟牛丼店一样通缩
2,0x242AC,42,2,26,跟汉堡店一样通缩
2,0x242E4,34,2,16,跟YahooBB一样随便
2,0x24314,30,2,14,跟YahooBB一样粗糙
2,0x24340,38,2,20,跟YahooBB一样不负责任
2,0x24374,42,2,26,跟YahooBB一样员工素质差
2,0x243AC,50,2,32,什么时候打电话都打不通的YahooBB
2,0x243F0,70,2,54,对所有问题从不给出正经回应的YahooBB
2,0x24448,46,2,30,员工完全没有干劲的YahooBB
2,0x24488,26,2,8,黑板擦
2,0x28404,27,2,10,自以为是的存款
2,0x28430,78,2,60,只能说是那种半吊子人格中常见的废稿级别的段子
2,0x28490,34,2,18,给ADSL猫一拳
2,0x284C0,134,2,118,反正不可能完美移植、于是以改编为名篡改来勉强凑合游戏逻辑的红白机街机移植
2,0x28554,82,2,64,因山冈士郎暴走导致成毛被迫撤下微软广告的小学馆
2,0x285B4,34,2,18,出版界愚蠢的Mac用户
2,0x285E8,54,2,38,连Mac者都被吓退的山冈士郎59卷原稿
2,0x28630,30,2,12,涡轮滤汤
2,0x28664,62,2,46,伪同人作家常见的羞耻笔名
2,0x286B4,38,2,20,我设计的超人
2,0x286EC,50,2,32,往交配中的狗踢一脚的丑女
2,0x2CEBC,43,2,26,跟小林卡兹一样是大蠢蛋
2,0x2CEF4,42,2,26,跟小林卡兹一样没用
2,0x2CF2C,42,2,24,跟小林卡兹一样烦人
2,0x2CF64,42,2,26,跟小林卡兹一样笑不出来
2,0x2CF9C,42,2,24,跟小林卡兹一样不妙
2,0x2CFD4,42,2,26,跟小林卡兹一样脑子笨
2,0x2D00C,38,2,22,跟小林卡兹一样冷场
2,0x2D040,46,2,28,跟小林卡兹一样完蛋了
2,0x2D07C,54,2,38,跟小福互动时明显摆出厌烦表情的药丸
2,0x2D0C0,58,2,43,跟魔神Z的火箭飞拳一样容易弄丢
2,0x2D108,66,2,48,自以为是听众大哥的主持人
2,0x31968,62,2,44,一开始就突然从国王面前的勇者斗恶龙式开场
2,0x319B4,34,2,18,SMAP的稻垣成员
2,0x319E8,58,2,42,试图参加没被邀请的二轮的蠢货
2,0x31A38,62,2,46,不在航母上着陆就通关邦格林海湾的会
2,0x31A84,58,2,40,朝出租车司机踢一脚的松平定知主播
2,0x31ACC,54,2,38,向工作人员扔铅笔的松平定知主播
2,0x31B10,46,2,30,歌还行但脸还是算了吧那种丑女
2,0x31B50,26,2,8,去留请求
2,0x31B84,38,2,20,丹下樱自慰声线
2,0x31BBC,34,2,18,钦酱家族
2,0x364FC,35,2,18,黑板擦清洁器
2,0x3652C,38,2,20,跟XEXEX一样画面不妙
2,0x36560,26,2,8,无证医生
2,0x3658C,106,2,88,跟多次想让主角换人但最后悟空还是主角的后期龙珠一样悲伤
2,0x36604,34,2,16,人造奥利哈康
2,0x36634,46,2,30,不愿牺牲胜利为止那种想法
2,0x36674,26,2,10,空头支票
2,0x3669C,22,2,6,乳头
2,0x366C0,22,2,6,超老师
2,0x366E8,58,2,42,恐怖大王没来的时候后藤勉的借口
2,0x36730,70,2,52,跟恐怖大王没来的时候后藤勉的借口一样恶心
2,0x3B138,82,2,64,不管画什么最后都会变成战斗题材的周刊少年Jump的空气
2,0x3B198,70,2,55,跟用JavaScript在状态栏跑字的网站一样烦人
2,0x3B1EC,58,2,43,用JavaScript在状态栏跑字的网站
2,0x3B234,74,2,59,用JavaScript得意洋洋告诉访问者浏览器名的网站
2,0x3B28C,90,2,75,跟用JavaScript得意洋洋告诉访问者浏览器名的网站一样冷
2,0x3B2F4,30,2,14,高桥Racing
2,0x3B388,38,2,22,ZZ中的亚赞式立场
2,0x3FDC8,51,2,34,拿母子手册代替警察证的男人
2,0x3FE08,26,2,8,幻想口香糖
2,0x3FE34,42,2,24,跟银狼怪奇档案一样蠢
2,0x3FE6C,34,2,16,银狼怪奇档案
2,0x3FE9C,30,2,12,风云武藏城
2,0x3FECC,62,2,45,PC Engine中的SuperGrafx式立场
2,0x3FF18,58,2,40,在天声人语附近常见的热爱高跷老人
2,0x3FF60,42,2,26,跟恋爱物语一样是垃圾游戏
2,0x3FF98,34,2,16,跟远东审判一样随便
2,0x3FFC8,26,2,10,G3 Mild
2,0x3FFF0,50,2,32,跟G3 Mild一样命名水平差
2,0x44ABC,43,2,26,网络字节序
2,0x44AF4,34,2,18,大端序
2,0x44B24,34,2,18,小端序
2,0x44B54,38,2,20,垃圾回收
2,0x44B88,42,2,24,暴力破解攻击
2,0x44BC4,30,2,15,Registerd内存
2,0x44BF0,38,2,23,徒手写超长SQL语句
2,0x44C24,26,2,11,跟JVM一样慢
2,0x44C4C,38,2,20,机械键盘
2,0x44C80,34,2,16,快速傅里叶变换
2,0x44CB0,30,2,14,腔棘鱼书
2,0x497E8,26,2,10,猛犸书
2,0x49810,66,2,50,像潜龙谍影里醉鬼说教一样的过场
2,0x49860,38,2,22,对战用卡拉萨瓦的男人
2,0x49894,34,2,16,跟金城武一样棒读
2,0x498C4,30,2,12,丑女的虎牙
2,0x498F0,42,2,26,拉比安罗斯（补给舰）
2,0x49928,26,2,8,小姆塞
2,0x49950,22,2,6,备长炭
2,0x49974,26,2,10,炭火烤鸡串
2,0x4999C,38,2,22,代步的Wonder Menu
2,0x4E55C,75,2,56,像是把官僚作风和志愿服务的缺点拼凑在一起的样子
2,0x4E5B4,26,2,8,炭火烧烤
2,0x4E5DC,58,2,42,跟高桥名人 vs 毛利名人一样是黑幕比赛
2,0x4E624,50,2,32,高桥名人的同步冒险岛
2,0x4E664,34,2,16,Henyamundo星人
2,0x4E698,38,2,20,库库尔斯·多安的岛
2,0x4E6D0,38,2,22,把亏本本子挂雅虎拍卖
2,0x4E704,34,2,18,超挂衣架
2,0x4E734,30,2,12,半实体形成机
2,0x4E788,70,2,54,因事务所方针被推向莫名其妙方向的声优
2,0x533E8,67,2,48,共享版一出稀有度就上升的免费软件
2,0x53438,46,2,28,演艺圈中华原朋美式的立场
2,0x53474,22,2,6,拘留所
